formula egzaminu;rodzaj_egzaminu;poziom_egzaminu;przedmiot;plec;rok;wartosc
formuła 2015;pisemny;podstawowy;język polski;kobiety;2015;67,3
formuła 2015;pisemny;podstawowy;język białoruski;kobiety;2015;77,4
formuła 2015;pisemny;podstawowy;język litewski;kobiety;2015;83,5
formuła 2015;pisemny;podstawowy;język ukraiński;kobiety;2015;77,4
formuła 2015;pisemny;podstawowy;matematyka;kobiety;2015;52,7
formuła 2015;pisemny;podstawowy;język angielski;kobiety;2015;75,8
formuła 2015;pisemny;podstawowy;język niemiecki;kobiety;2015;71,9
formuła 2015;pisemny;podstawowy;język francuski;kobiety;2015;82,1
formuła 2015;pisemny;podstawowy;język rosyjski;kobiety;2015;68,7
formuła 2015;pisemny;podstawowy;język hiszpański;kobiety;2015;83,9
formuła 2015;pisemny;podstawowy;język włoski;kobiety;2015;78,2
formuła 2015;pisemny;podstawowy;język polski;mężczyźni;2015;62,9
formuła 2015;pisemny;podstawowy;język białoruski;mężczyźni;2015;67,8
formuła 2015;pisemny;podstawowy;język litewski;mężczyźni;2015;73,0
formuła 2015;pisemny;podstawowy;język ukraiński;mężczyźni;2015;78,3
formuła 2015;pisemny;podstawowy;matematyka;mężczyźni;2015;58,0
formuła 2015;pisemny;podstawowy;język angielski;mężczyźni;2015;78,2
formuła 2015;pisemny;podstawowy;język niemiecki;mężczyźni;2015;70,7
formuła 2015;pisemny;podstawowy;język francuski;mężczyźni;2015;83,8
formuła 2015;pisemny;podstawowy;język rosyjski;mężczyźni;2015;64,3
formuła 2015;pisemny;podstawowy;język hiszpański;mężczyźni;2015;83,7
formuła 2015;pisemny;podstawowy;język włoski;mężczyźni;2015;79,1
formuła 2015;pisemny;podstawowy;język polski;ogółem;2015;65,7
formuła 2015;pisemny;podstawowy;język białoruski;ogółem;2015;74,0
formuła 2015;pisemny;podstawowy;język litewski;ogółem;2015;77,9
formuła 2015;pisemny;podstawowy;język ukraiński;ogółem;2015;77,8
formuła 2015;pisemny;podstawowy;matematyka;ogółem;2015;54,7
formuła 2015;pisemny;podstawowy;język angielski;ogółem;2015;76,7
formuła 2015;pisemny;podstawowy;język niemiecki;ogółem;2015;71,5
formuła 2015;pisemny;podstawowy;język francuski;ogółem;2015;82,5
formuła 2015;pisemny;podstawowy;język rosyjski;ogółem;2015;67,5
formuła 2015;pisemny;podstawowy;język hiszpański;ogółem;2015;83,9
formuła 2015;pisemny;podstawowy;język włoski;ogółem;2015;78,4
formuła 2015;pisemny;rozszerzony;język polski;kobiety;2015;61,0
formuła 2015;pisemny;rozszerzony;język białoruski;kobiety;2015;100,0
formuła 2015;pisemny;rozszerzony;język litewski;kobiety;2015;77,7
formuła 2015;pisemny;rozszerzony;język ukraiński;kobiety;2015;97,2
formuła 2015;pisemny;rozszerzony;matematyka;kobiety;2015;40,2
formuła 2015;pisemny;rozszerzony;język angielski;kobiety;2015;62,1
formuła 2015;pisemny;rozszerzony;język niemiecki;kobiety;2015;61,7
formuła 2015;pisemny;rozszerzony;język francuski;kobiety;2015;58,6
formuła 2015;pisemny;rozszerzony;język rosyjski;kobiety;2015;65,6
formuła 2015;pisemny;rozszerzony;język hiszpański;kobiety;2015;59,0
formuła 2015;pisemny;rozszerzony;język włoski;kobiety;2015;68,8
formuła 2015;pisemny;rozszerzony;wiedza o społeczeństwie;kobiety;2015;24,7
formuła 2015;pisemny;rozszerzony;geografia;kobiety;2015;40,8
formuła 2015;pisemny;rozszerzony;biologia;kobiety;2015;41,9
formuła 2015;pisemny;rozszerzony;chemia;kobiety;2015;50,7
formuła 2015;pisemny;rozszerzony;historia;kobiety;2015;48,3
formuła 2015;pisemny;rozszerzony;fizyka;kobiety;2015;39,3
formuła 2015;pisemny;rozszerzony;historia muzyki;kobiety;2015;63,8
formuła 2015;pisemny;rozszerzony;historia sztuki;kobiety;2015;45,3
formuła 2015;pisemny;rozszerzony;filozofia;kobiety;2015;64,2
formuła 2015;pisemny;rozszerzony;język łaciński i kultura antyczna;kobiety;2015;52,5
formuła 2015;pisemny;rozszerzony;informatyka;kobiety;2015;43,3
formuła 2015;pisemny;rozszerzony;język kaszubski;kobiety;2015;64,9
formuła 2015;pisemny;rozszerzony;język łemkowski;kobiety;2015;95,0
formuła 2015;pisemny;rozszerzony;język polski;mężczyźni;2015;60,1
formuła 2015;pisemny;rozszerzony;język białoruski;mężczyźni;2015;100,0
formuła 2015;pisemny;rozszerzony;język litewski;mężczyźni;2015;71,8
formuła 2015;pisemny;rozszerzony;język ukraiński;mężczyźni;2015;98,3
formuła 2015;pisemny;rozszerzony;matematyka;mężczyźni;2015;42,3
formuła 2015;pisemny;rozszerzony;język angielski;mężczyźni;2015;64,9
formuła 2015;pisemny;rozszerzony;język niemiecki;mężczyźni;2015;65,3
formuła 2015;pisemny;rozszerzony;język francuski;mężczyźni;2015;58,7
formuła 2015;pisemny;rozszerzony;język rosyjski;mężczyźni;2015;65,8
formuła 2015;pisemny;rozszerzony;język hiszpański;mężczyźni;2015;56,3
formuła 2015;pisemny;rozszerzony;język włoski;mężczyźni;2015;71,5
formuła 2015;pisemny;rozszerzony;wiedza o społeczeństwie;mężczyźni;2015;29,7
formuła 2015;pisemny;rozszerzony;geografia;mężczyźni;2015;42,3
formuła 2015;pisemny;rozszerzony;biologia;mężczyźni;2015;46,5
formuła 2015;pisemny;rozszerzony;chemia;mężczyźni;2015;54,5
formuła 2015;pisemny;rozszerzony;historia;mężczyźni;2015;51,7
formuła 2015;pisemny;rozszerzony;fizyka;mężczyźni;2015;45,7
formuła 2015;pisemny;rozszerzony;historia muzyki;mężczyźni;2015;54,0
formuła 2015;pisemny;rozszerzony;historia sztuki;mężczyźni;2015;43,6
formuła 2015;pisemny;rozszerzony;filozofia;mężczyźni;2015;59,3
formuła 2015;pisemny;rozszerzony;język łaciński i kultura antyczna;mężczyźni;2015;62,4
formuła 2015;pisemny;rozszerzony;informatyka;mężczyźni;2015;46,7
formuła 2015;pisemny;rozszerzony;język kaszubski;mężczyźni;2015;59,0
formuła 2015;pisemny;rozszerzony;język polski;ogółem;2015;60,8
formuła 2015;pisemny;rozszerzony;język białoruski;ogółem;2015;100,0
formuła 2015;pisemny;rozszerzony;język litewski;ogółem;2015;75,3
formuła 2015;pisemny;rozszerzony;język ukraiński;ogółem;2015;97,7
formuła 2015;pisemny;rozszerzony;matematyka;ogółem;2015;41,3
formuła 2015;pisemny;rozszerzony;język angielski;ogółem;2015;63,2
formuła 2015;pisemny;rozszerzony;język niemiecki;ogółem;2015;62,7
formuła 2015;pisemny;rozszerzony;język francuski;ogółem;2015;58,6
formuła 2015;pisemny;rozszerzony;język rosyjski;ogółem;2015;65,7
formuła 2015;pisemny;rozszerzony;język hiszpański;ogółem;2015;58,5
formuła 2015;pisemny;rozszerzony;język włoski;ogółem;2015;69,5
formuła 2015;pisemny;rozszerzony;wiedza o społeczeństwie;ogółem;2015;26,5
formuła 2015;pisemny;rozszerzony;geografia;ogółem;2015;41,5
formuła 2015;pisemny;rozszerzony;biologia;ogółem;2015;43,0
formuła 2015;pisemny;rozszerzony;chemia;ogółem;2015;51,7
formuła 2015;pisemny;rozszerzony;historia;ogółem;2015;49,8
formuła 2015;pisemny;rozszerzony;fizyka;ogółem;2015;43,8
formuła 2015;pisemny;rozszerzony;historia muzyki;ogółem;2015;59,8
formuła 2015;pisemny;rozszerzony;historia sztuki;ogółem;2015;45,0
formuła 2015;pisemny;rozszerzony;filozofia;ogółem;2015;61,9
formuła 2015;pisemny;rozszerzony;język łaciński i kultura antyczna;ogółem;2015;56,1
formuła 2015;pisemny;rozszerzony;informatyka;ogółem;2015;46,3
formuła 2015;pisemny;rozszerzony;język kaszubski;ogółem;2015;64,3
formuła 2015;pisemny;rozszerzony;język łemkowski;ogółem;2015;95,0
formuła 2015;ustny;nie dotyczy;język polski;kobiety;2015;67,1
formuła 2015;ustny;nie dotyczy;język angielski;kobiety;2015;71,7
formuła 2015;ustny;nie dotyczy;język niemiecki;kobiety;2015;68,7
formuła 2015;ustny;nie dotyczy;język francuski;kobiety;2015;80,5
formuła 2015;ustny;nie dotyczy;język rosyjski;kobiety;2015;68,2
formuła 2015;ustny;nie dotyczy;język hiszpański;kobiety;2015;79,3
formuła 2015;ustny;nie dotyczy;język włoski;kobiety;2015;77,0
formuła 2015;ustny;nie dotyczy;język polski;mężczyźni;2015;64,0
formuła 2015;ustny;nie dotyczy;język angielski;mężczyźni;2015;73,5
formuła 2015;ustny;nie dotyczy;język niemiecki;mężczyźni;2015;67,2
formuła 2015;ustny;nie dotyczy;język francuski;mężczyźni;2015;80,5
formuła 2015;ustny;nie dotyczy;język rosyjski;mężczyźni;2015;63,6
formuła 2015;ustny;nie dotyczy;język hiszpański;mężczyźni;2015;78,7
formuła 2015;ustny;nie dotyczy;język włoski;mężczyźni;2015;81,3
formuła 2015;ustny;nie dotyczy;język polski;ogółem;2015;66,0
formuła 2015;ustny;nie dotyczy;język angielski;ogółem;2015;72,4
formuła 2015;ustny;nie dotyczy;język niemiecki;ogółem;2015;68,3
formuła 2015;ustny;nie dotyczy;język francuski;ogółem;2015;80,5
formuła 2015;ustny;nie dotyczy;język rosyjski;ogółem;2015;66,9
formuła 2015;ustny;nie dotyczy;język hiszpański;ogółem;2015;79,1
formuła 2015;ustny;nie dotyczy;język włoski;ogółem;2015;78,2
formuła 2015;pisemny;podstawowy;język polski;kobiety;2016;62,0
formuła 2015;pisemny;podstawowy;język białoruski;kobiety;2016;73,5
formuła 2015;pisemny;podstawowy;język litewski;kobiety;2016;83,8
formuła 2015;pisemny;podstawowy;język ukraiński;kobiety;2016;78,4
formuła 2015;pisemny;podstawowy;matematyka;kobiety;2016;55,6
formuła 2015;pisemny;podstawowy;język angielski;kobiety;2016;70,6
formuła 2015;pisemny;podstawowy;język niemiecki;kobiety;2016;73,0
formuła 2015;pisemny;podstawowy;język francuski;kobiety;2016;78,6
formuła 2015;pisemny;podstawowy;język rosyjski;kobiety;2016;64,9
formuła 2015;pisemny;podstawowy;język hiszpański;kobiety;2016;81,8
formuła 2015;pisemny;podstawowy;język włoski;kobiety;2016;80,1
formuła 2015;pisemny;podstawowy;język polski;mężczyźni;2016;55,5
formuła 2015;pisemny;podstawowy;język białoruski;mężczyźni;2016;64,0
formuła 2015;pisemny;podstawowy;język litewski;mężczyźni;2016;81,1
formuła 2015;pisemny;podstawowy;język ukraiński;mężczyźni;2016;70,9
formuła 2015;pisemny;podstawowy;matematyka;mężczyźni;2016;56,7
formuła 2015;pisemny;podstawowy;język angielski;mężczyźni;2016;72,4
formuła 2015;pisemny;podstawowy;język niemiecki;mężczyźni;2016;67,9
formuła 2015;pisemny;podstawowy;język francuski;mężczyźni;2016;79,3
formuła 2015;pisemny;podstawowy;język rosyjski;mężczyźni;2016;58,7
formuła 2015;pisemny;podstawowy;język hiszpański;mężczyźni;2016;82,1
formuła 2015;pisemny;podstawowy;język włoski;mężczyźni;2016;83,6
formuła 2015;pisemny;podstawowy;język polski;ogółem;2016;59,1
formuła 2015;pisemny;podstawowy;język białoruski;ogółem;2016;69,6
formuła 2015;pisemny;podstawowy;język litewski;ogółem;2016;83,0
formuła 2015;pisemny;podstawowy;język ukraiński;ogółem;2016;75,5
formuła 2015;pisemny;podstawowy;matematyka;ogółem;2016;56,1
formuła 2015;pisemny;podstawowy;język angielski;ogółem;2016;71,4
formuła 2015;pisemny;podstawowy;język niemiecki;ogółem;2016;71,1
formuła 2015;pisemny;podstawowy;język francuski;ogółem;2016;78,8
formuła 2015;pisemny;podstawowy;język rosyjski;ogółem;2016;62,8
formuła 2015;pisemny;podstawowy;język hiszpański;ogółem;2016;81,9
formuła 2015;pisemny;podstawowy;język włoski;ogółem;2016;80,9
formuła 2015;pisemny;rozszerzony;język polski;kobiety;2016;61,3
formuła 2015;pisemny;rozszerzony;język białoruski;kobiety;2016;100,0
formuła 2015;pisemny;rozszerzony;język litewski;kobiety;2016;79,9
formuła 2015;pisemny;rozszerzony;język ukraiński;kobiety;2016;90,4
formuła 2015;pisemny;rozszerzony;matematyka;kobiety;2016;32,8
formuła 2015;pisemny;rozszerzony;język angielski;kobiety;2016;55,0
formuła 2015;pisemny;rozszerzony;język niemiecki;kobiety;2016;53,8
formuła 2015;pisemny;rozszerzony;język francuski;kobiety;2016;65,3
formuła 2015;pisemny;rozszerzony;język rosyjski;kobiety;2016;57,2
formuła 2015;pisemny;rozszerzony;język hiszpański;kobiety;2016;58,2
formuła 2015;pisemny;rozszerzony;język włoski;kobiety;2016;65,9
formuła 2015;pisemny;rozszerzony;wiedza o społeczeństwie;kobiety;2016;25,5
formuła 2015;pisemny;rozszerzony;geografia;kobiety;2016;37,9
formuła 2015;pisemny;rozszerzony;biologia;kobiety;2016;36,1
formuła 2015;pisemny;rozszerzony;chemia;kobiety;2016;37,4
formuła 2015;pisemny;rozszerzony;historia;kobiety;2016;41,7
formuła 2015;pisemny;rozszerzony;fizyka;kobiety;2016;41,9
formuła 2015;pisemny;rozszerzony;historia muzyki;kobiety;2016;53,6
formuła 2015;pisemny;rozszerzony;historia sztuki;kobiety;2016;45,9
formuła 2015;pisemny;rozszerzony;filozofia;kobiety;2016;53,7
formuła 2015;pisemny;rozszerzony;język łaciński i kultura antyczna;kobiety;2016;50,2
formuła 2015;pisemny;rozszerzony;informatyka;kobiety;2016;42,8
formuła 2015;pisemny;rozszerzony;język kaszubski;kobiety;2016;64,0
formuła 2015;pisemny;rozszerzony;język łemkowski;kobiety;2016;95,0
formuła 2015;pisemny;rozszerzony;język polski;mężczyźni;2016;58,6
formuła 2015;pisemny;rozszerzony;język białoruski;mężczyźni;2016;100,0
formuła 2015;pisemny;rozszerzony;język litewski;mężczyźni;2016;78,3
formuła 2015;pisemny;rozszerzony;język ukraiński;mężczyźni;2016;75,8
formuła 2015;pisemny;rozszerzony;matematyka;mężczyźni;2016;29,1
formuła 2015;pisemny;rozszerzony;język angielski;mężczyźni;2016;55,2
formuła 2015;pisemny;rozszerzony;język niemiecki;mężczyźni;2016;53,4
formuła 2015;pisemny;rozszerzony;język francuski;mężczyźni;2016;63,7
formuła 2015;pisemny;rozszerzony;język rosyjski;mężczyźni;2016;56,6
formuła 2015;pisemny;rozszerzony;język hiszpański;mężczyźni;2016;59,0
formuła 2015;pisemny;rozszerzony;język włoski;mężczyźni;2016;71,1
formuła 2015;pisemny;rozszerzony;wiedza o społeczeństwie;mężczyźni;2016;28,9
formuła 2015;pisemny;rozszerzony;geografia;mężczyźni;2016;39,9
formuła 2015;pisemny;rozszerzony;biologia;mężczyźni;2016;36,8
formuła 2015;pisemny;rozszerzony;chemia;mężczyźni;2016;42,1
formuła 2015;pisemny;rozszerzony;historia;mężczyźni;2016;42,2
formuła 2015;pisemny;rozszerzony;fizyka;mężczyźni;2016;40,7
formuła 2015;pisemny;rozszerzony;historia muzyki;mężczyźni;2016;45,7
formuła 2015;pisemny;rozszerzony;historia sztuki;mężczyźni;2016;40,4
formuła 2015;pisemny;rozszerzony;filozofia;mężczyźni;2016;44,3
formuła 2015;pisemny;rozszerzony;język łaciński i kultura antyczna;mężczyźni;2016;45,9
formuła 2015;pisemny;rozszerzony;informatyka;mężczyźni;2016;38,5
formuła 2015;pisemny;rozszerzony;język kaszubski;mężczyźni;2016;43,8
formuła 2015;pisemny;rozszerzony;język polski;ogółem;2016;60,7
formuła 2015;pisemny;rozszerzony;język białoruski;ogółem;2016;100,0
formuła 2015;pisemny;rozszerzony;język litewski;ogółem;2016;79,4
formuła 2015;pisemny;rozszerzony;język ukraiński;ogółem;2016;86,9
formuła 2015;pisemny;rozszerzony;matematyka;ogółem;2016;30,5
formuła 2015;pisemny;rozszerzony;język angielski;ogółem;2016;55,1
formuła 2015;pisemny;rozszerzony;język niemiecki;ogółem;2016;53,7
formuła 2015;pisemny;rozszerzony;język francuski;ogółem;2016;65,0
formuła 2015;pisemny;rozszerzony;język rosyjski;ogółem;2016;57,0
formuła 2015;pisemny;rozszerzony;język hiszpański;ogółem;2016;58,4
formuła 2015;pisemny;rozszerzony;język włoski;ogółem;2016;67,1
formuła 2015;pisemny;rozszerzony;wiedza o społeczeństwie;ogółem;2016;26,9
formuła 2015;pisemny;rozszerzony;geografia;ogółem;2016;38,8
formuła 2015;pisemny;rozszerzony;biologia;ogółem;2016;36,3
formuła 2015;pisemny;rozszerzony;chemia;ogółem;2016;38,7
formuła 2015;pisemny;rozszerzony;historia;ogółem;2016;42,0
formuła 2015;pisemny;rozszerzony;fizyka;ogółem;2016;41,0
formuła 2015;pisemny;rozszerzony;historia muzyki;ogółem;2016;49,9
formuła 2015;pisemny;rozszerzony;historia sztuki;ogółem;2016;44,8
formuła 2015;pisemny;rozszerzony;filozofia;ogółem;2016;48,6
formuła 2015;pisemny;rozszerzony;język łaciński i kultura antyczna;ogółem;2016;48,4
formuła 2015;pisemny;rozszerzony;informatyka;ogółem;2016;38,9
formuła 2015;pisemny;rozszerzony;język kaszubski;ogółem;2016;55,9
formuła 2015;pisemny;rozszerzony;język łemkowski;ogółem;2016;47,5
formuła 2015;ustny;nie dotyczy;język polski;kobiety;2016;65,2
formuła 2015;ustny;nie dotyczy;język angielski;kobiety;2016;68,2
formuła 2015;ustny;nie dotyczy;język niemiecki;kobiety;2016;65,4
formuła 2015;ustny;nie dotyczy;język francuski;kobiety;2016;79,9
formuła 2015;ustny;nie dotyczy;język rosyjski;kobiety;2016;66,0
formuła 2015;ustny;nie dotyczy;język hiszpański;kobiety;2016;78,9
formuła 2015;ustny;nie dotyczy;język włoski;kobiety;2016;79,4
formuła 2015;ustny;nie dotyczy;język polski;mężczyźni;2016;60,6
formuła 2015;ustny;nie dotyczy;język angielski;mężczyźni;2016;68,4
formuła 2015;ustny;nie dotyczy;język niemiecki;mężczyźni;2016;60,5
formuła 2015;ustny;nie dotyczy;język francuski;mężczyźni;2016;80,3
formuła 2015;ustny;nie dotyczy;język rosyjski;mężczyźni;2016;59,9
formuła 2015;ustny;nie dotyczy;język hiszpański;mężczyźni;2016;80,2
formuła 2015;ustny;nie dotyczy;język włoski;mężczyźni;2016;79,1
formuła 2015;ustny;nie dotyczy;język polski;ogółem;2016;63,2
formuła 2015;ustny;nie dotyczy;język angielski;ogółem;2016;68,3
formuła 2015;ustny;nie dotyczy;język niemiecki;ogółem;2016;63,6
formuła 2015;ustny;nie dotyczy;język francuski;ogółem;2016;80,0
formuła 2015;ustny;nie dotyczy;język rosyjski;ogółem;2016;63,9
formuła 2015;ustny;nie dotyczy;język hiszpański;ogółem;2016;79,2
formuła 2015;ustny;nie dotyczy;język włoski;ogółem;2016;79,3
formuła 2015;pisemny;podstawowy;język polski;kobiety;2017;59,1
formuła 2015;pisemny;podstawowy;język białoruski;kobiety;2017;78,2
formuła 2015;pisemny;podstawowy;język litewski;kobiety;2017;83,4
formuła 2015;pisemny;podstawowy;język ukraiński;kobiety;2017;77,6
formuła 2015;pisemny;podstawowy;matematyka;kobiety;2017;54,0
formuła 2015;pisemny;podstawowy;język angielski;kobiety;2017;70,7
formuła 2015;pisemny;podstawowy;język niemiecki;kobiety;2017;65,7
formuła 2015;pisemny;podstawowy;język francuski;kobiety;2017;77,5
formuła 2015;pisemny;podstawowy;język rosyjski;kobiety;2017;63,4
formuła 2015;pisemny;podstawowy;język hiszpański;kobiety;2017;77,1
formuła 2015;pisemny;podstawowy;język włoski;kobiety;2017;81,4
formuła 2015;pisemny;podstawowy;język polski;mężczyźni;2017;53,1
formuła 2015;pisemny;podstawowy;język białoruski;mężczyźni;2017;68,5
formuła 2015;pisemny;podstawowy;język litewski;mężczyźni;2017;67,3
formuła 2015;pisemny;podstawowy;język ukraiński;mężczyźni;2017;74,7
formuła 2015;pisemny;podstawowy;matematyka;mężczyźni;2017;55,1
formuła 2015;pisemny;podstawowy;język angielski;mężczyźni;2017;72,4
formuła 2015;pisemny;podstawowy;język niemiecki;mężczyźni;2017;63,4
formuła 2015;pisemny;podstawowy;język francuski;mężczyźni;2017;79,5
formuła 2015;pisemny;podstawowy;język rosyjski;mężczyźni;2017;57,5
formuła 2015;pisemny;podstawowy;język hiszpański;mężczyźni;2017;78,3
formuła 2015;pisemny;podstawowy;język włoski;mężczyźni;2017;80,4
formuła 2015;pisemny;podstawowy;język polski;ogółem;2017;56,4
formuła 2015;pisemny;podstawowy;język białoruski;ogółem;2017;73,7
formuła 2015;pisemny;podstawowy;język litewski;ogółem;2017;75,8
formuła 2015;pisemny;podstawowy;język ukraiński;ogółem;2017;76,5
formuła 2015;pisemny;podstawowy;matematyka;ogółem;2017;54,5
formuła 2015;pisemny;podstawowy;język angielski;ogółem;2017;71,5
formuła 2015;pisemny;podstawowy;język niemiecki;ogółem;2017;64,9
formuła 2015;pisemny;podstawowy;język francuski;ogółem;2017;78,1
formuła 2015;pisemny;podstawowy;język rosyjski;ogółem;2017;61,3
formuła 2015;pisemny;podstawowy;język hiszpański;ogółem;2017;77,4
formuła 2015;pisemny;podstawowy;język włoski;ogółem;2017;81,1
formuła 2015;pisemny;rozszerzony;język polski;kobiety;2017;50,4
formuła 2015;pisemny;rozszerzony;język białoruski;kobiety;2017;100,0
formuła 2015;pisemny;rozszerzony;język litewski;kobiety;2017;84,3
formuła 2015;pisemny;rozszerzony;język ukraiński;kobiety;2017;81,4
formuła 2015;pisemny;rozszerzony;matematyka;kobiety;2017;41,6
formuła 2015;pisemny;rozszerzony;język angielski;kobiety;2017;59,5
formuła 2015;pisemny;rozszerzony;język niemiecki;kobiety;2017;56,0
formuła 2015;pisemny;rozszerzony;język francuski;kobiety;2017;60,8
formuła 2015;pisemny;rozszerzony;język rosyjski;kobiety;2017;57,1
formuła 2015;pisemny;rozszerzony;język hiszpański;kobiety;2017;55,5
formuła 2015;pisemny;rozszerzony;język włoski;kobiety;2017;68,3
formuła 2015;pisemny;rozszerzony;wiedza o społeczeństwie;kobiety;2017;25,0
formuła 2015;pisemny;rozszerzony;geografia;kobiety;2017;30,4
formuła 2015;pisemny;rozszerzony;biologia;kobiety;2017;36,5
formuła 2015;pisemny;rozszerzony;chemia;kobiety;2017;39,9
formuła 2015;pisemny;rozszerzony;historia;kobiety;2017;32,0
formuła 2015;pisemny;rozszerzony;fizyka;kobiety;2017;39,8
formuła 2015;pisemny;rozszerzony;historia muzyki;kobiety;2017;53,2
formuła 2015;pisemny;rozszerzony;historia sztuki;kobiety;2017;45,5
formuła 2015;pisemny;rozszerzony;filozofia;kobiety;2017;44,2
formuła 2015;pisemny;rozszerzony;język łaciński i kultura antyczna;kobiety;2017;60,4
formuła 2015;pisemny;rozszerzony;informatyka;kobiety;2017;34,1
formuła 2015;pisemny;rozszerzony;język kaszubski;kobiety;2017;75,5
formuła 2015;pisemny;rozszerzony;język łemkowski;kobiety;2017;90,0
formuła 2015;pisemny;rozszerzony;język polski;mężczyźni;2017;47,6
formuła 2015;pisemny;rozszerzony;język białoruski;mężczyźni;2017;100,0
formuła 2015;pisemny;rozszerzony;język litewski;mężczyźni;2017;65,9
formuła 2015;pisemny;rozszerzony;język ukraiński;mężczyźni;2017;78,6
formuła 2015;pisemny;rozszerzony;matematyka;mężczyźni;2017;34,1
formuła 2015;pisemny;rozszerzony;język angielski;mężczyźni;2017;59,8
formuła 2015;pisemny;rozszerzony;język niemiecki;mężczyźni;2017;54,8
formuła 2015;pisemny;rozszerzony;język francuski;mężczyźni;2017;63,8
formuła 2015;pisemny;rozszerzony;język rosyjski;mężczyźni;2017;56,8
formuła 2015;pisemny;rozszerzony;język hiszpański;mężczyźni;2017;52,4
formuła 2015;pisemny;rozszerzony;język włoski;mężczyźni;2017;67,6
formuła 2015;pisemny;rozszerzony;wiedza o społeczeństwie;mężczyźni;2017;28,5
formuła 2015;pisemny;rozszerzony;geografia;mężczyźni;2017;30,7
formuła 2015;pisemny;rozszerzony;biologia;mężczyźni;2017;37,0
formuła 2015;pisemny;rozszerzony;chemia;mężczyźni;2017;44,8
formuła 2015;pisemny;rozszerzony;historia;mężczyźni;2017;34,5
formuła 2015;pisemny;rozszerzony;fizyka;mężczyźni;2017;40,3
formuła 2015;pisemny;rozszerzony;historia muzyki;mężczyźni;2017;37,9
formuła 2015;pisemny;rozszerzony;historia sztuki;mężczyźni;2017;37,6
formuła 2015;pisemny;rozszerzony;filozofia;mężczyźni;2017;40,0
formuła 2015;pisemny;rozszerzony;język łaciński i kultura antyczna;mężczyźni;2017;71,3
formuła 2015;pisemny;rozszerzony;informatyka;mężczyźni;2017;32,8
formuła 2015;pisemny;rozszerzony;język kaszubski;mężczyźni;2017;70,0
formuła 2015;pisemny;rozszerzony;język polski;ogółem;2017;49,7
formuła 2015;pisemny;rozszerzony;język białoruski;ogółem;2017;100,0
formuła 2015;pisemny;rozszerzony;język litewski;ogółem;2017;76,7
formuła 2015;pisemny;rozszerzony;język ukraiński;ogółem;2017;80,5
formuła 2015;pisemny;rozszerzony;matematyka;ogółem;2017;36,9
formuła 2015;pisemny;rozszerzony;język angielski;ogółem;2017;59,6
formuła 2015;pisemny;rozszerzony;język niemiecki;ogółem;2017;55,6
formuła 2015;pisemny;rozszerzony;język francuski;ogółem;2017;61,5
formuła 2015;pisemny;rozszerzony;język rosyjski;ogółem;2017;57,0
formuła 2015;pisemny;rozszerzony;język hiszpański;ogółem;2017;54,7
formuła 2015;pisemny;rozszerzony;język włoski;ogółem;2017;68,1
formuła 2015;pisemny;rozszerzony;wiedza o społeczeństwie;ogółem;2017;26,4
formuła 2015;pisemny;rozszerzony;geografia;ogółem;2017;30,6
formuła 2015;pisemny;rozszerzony;biologia;ogółem;2017;36,6
formuła 2015;pisemny;rozszerzony;chemia;ogółem;2017;41,2
formuła 2015;pisemny;rozszerzony;historia;ogółem;2017;33,3
formuła 2015;pisemny;rozszerzony;fizyka;ogółem;2017;40,2
formuła 2015;pisemny;rozszerzony;historia muzyki;ogółem;2017;46,6
formuła 2015;pisemny;rozszerzony;historia sztuki;ogółem;2017;44,0
formuła 2015;pisemny;rozszerzony;filozofia;ogółem;2017;42,0
formuła 2015;pisemny;rozszerzony;język łaciński i kultura antyczna;ogółem;2017;64,5
formuła 2015;pisemny;rozszerzony;informatyka;ogółem;2017;32,9
formuła 2015;pisemny;rozszerzony;język kaszubski;ogółem;2017;73,7
formuła 2015;pisemny;rozszerzony;język łemkowski;ogółem;2017;90,0
formuła 2015;ustny;nie dotyczy;język polski;kobiety;2017;67,0
formuła 2015;ustny;nie dotyczy;język angielski;kobiety;2017;68,2
formuła 2015;ustny;nie dotyczy;język niemiecki;kobiety;2017;64,3
formuła 2015;ustny;nie dotyczy;język francuski;kobiety;2017;79,3
formuła 2015;ustny;nie dotyczy;język rosyjski;kobiety;2017;66,6
formuła 2015;ustny;nie dotyczy;język hiszpański;kobiety;2017;79,2
formuła 2015;ustny;nie dotyczy;język włoski;kobiety;2017;82,1
formuła 2015;ustny;nie dotyczy;język polski;mężczyźni;2017;62,2
formuła 2015;ustny;nie dotyczy;język angielski;mężczyźni;2017;69,0
formuła 2015;ustny;nie dotyczy;język niemiecki;mężczyźni;2017;62,4
formuła 2015;ustny;nie dotyczy;język francuski;mężczyźni;2017;81,3
formuła 2015;ustny;nie dotyczy;język rosyjski;mężczyźni;2017;60,7
formuła 2015;ustny;nie dotyczy;język hiszpański;mężczyźni;2017;79,9
formuła 2015;ustny;nie dotyczy;język włoski;mężczyźni;2017;80,7
formuła 2015;ustny;nie dotyczy;język polski;ogółem;2017;64,9
formuła 2015;ustny;nie dotyczy;język angielski;ogółem;2017;68,5
formuła 2015;ustny;nie dotyczy;język niemiecki;ogółem;2017;63,6
formuła 2015;ustny;nie dotyczy;język francuski;ogółem;2017;79,9
formuła 2015;ustny;nie dotyczy;język rosyjski;ogółem;2017;64,5
formuła 2015;ustny;nie dotyczy;język hiszpański;ogółem;2017;79,4
formuła 2015;ustny;nie dotyczy;język włoski;ogółem;2017;81,7
formuła 2015;pisemny;podstawowy;język polski;kobiety;2018;58,2
formuła 2015;pisemny;podstawowy;język białoruski;kobiety;2018;73,4
formuła 2015;pisemny;podstawowy;język litewski;kobiety;2018;79,6
formuła 2015;pisemny;podstawowy;język ukraiński;kobiety;2018;78,5
formuła 2015;pisemny;podstawowy;matematyka;kobiety;2018;55,2
formuła 2015;pisemny;podstawowy;język angielski;kobiety;2018;72,4
formuła 2015;pisemny;podstawowy;język niemiecki;kobiety;2018;62,0
formuła 2015;pisemny;podstawowy;język francuski;kobiety;2018;81,8
formuła 2015;pisemny;podstawowy;język rosyjski;kobiety;2018;62,4
formuła 2015;pisemny;podstawowy;język hiszpański;kobiety;2018;78,6
formuła 2015;pisemny;podstawowy;język włoski;kobiety;2018;81,5
formuła 2015;pisemny;podstawowy;język polski;mężczyźni;2018;51,9
formuła 2015;pisemny;podstawowy;język białoruski;mężczyźni;2018;62,5
formuła 2015;pisemny;podstawowy;język litewski;mężczyźni;2018;77,0
formuła 2015;pisemny;podstawowy;język ukraiński;mężczyźni;2018;72,7
formuła 2015;pisemny;podstawowy;matematyka;mężczyźni;2018;56,1
formuła 2015;pisemny;podstawowy;język angielski;mężczyźni;2018;73,9
formuła 2015;pisemny;podstawowy;język niemiecki;mężczyźni;2018;60,3
formuła 2015;pisemny;podstawowy;język francuski;mężczyźni;2018;83,3
formuła 2015;pisemny;podstawowy;język rosyjski;mężczyźni;2018;57,7
formuła 2015;pisemny;podstawowy;język hiszpański;mężczyźni;2018;80,0
formuła 2015;pisemny;podstawowy;język włoski;mężczyźni;2018;82,5
formuła 2015;pisemny;podstawowy;język polski;ogółem;2018;55,3
formuła 2015;pisemny;podstawowy;język białoruski;ogółem;2018;70,0
formuła 2015;pisemny;podstawowy;język litewski;ogółem;2018;78,8
formuła 2015;pisemny;podstawowy;język ukraiński;ogółem;2018;76,4
formuła 2015;pisemny;podstawowy;matematyka;ogółem;2018;55,6
formuła 2015;pisemny;podstawowy;język angielski;ogółem;2018;73,1
formuła 2015;pisemny;podstawowy;język niemiecki;ogółem;2018;61,4
formuła 2015;pisemny;podstawowy;język francuski;ogółem;2018;82,2
formuła 2015;pisemny;podstawowy;język rosyjski;ogółem;2018;60,7
formuła 2015;pisemny;podstawowy;język hiszpański;ogółem;2018;79,0
formuła 2015;pisemny;podstawowy;język włoski;ogółem;2018;81,8
formuła 2015;pisemny;rozszerzony;język polski;kobiety;2018;51,8
formuła 2015;pisemny;rozszerzony;język białoruski;kobiety;2018;100,0
formuła 2015;pisemny;rozszerzony;język litewski;kobiety;2018;87,3
formuła 2015;pisemny;rozszerzony;język ukraiński;kobiety;2018;85,1
formuła 2015;pisemny;rozszerzony;matematyka;kobiety;2018;31,5
formuła 2015;pisemny;rozszerzony;język angielski;kobiety;2018;56,8
formuła 2015;pisemny;rozszerzony;język niemiecki;kobiety;2018;53,7
formuła 2015;pisemny;rozszerzony;język francuski;kobiety;2018;67,3
formuła 2015;pisemny;rozszerzony;język rosyjski;kobiety;2018;59,5
formuła 2015;pisemny;rozszerzony;język hiszpański;kobiety;2018;55,6
formuła 2015;pisemny;rozszerzony;język włoski;kobiety;2018;68,8
formuła 2015;pisemny;rozszerzony;wiedza o społeczeństwie;kobiety;2018;26,6
formuła 2015;pisemny;rozszerzony;geografia;kobiety;2018;30,3
formuła 2015;pisemny;rozszerzony;biologia;kobiety;2018;31,7
formuła 2015;pisemny;rozszerzony;chemia;kobiety;2018;38,4
formuła 2015;pisemny;rozszerzony;historia;kobiety;2018;31,3
formuła 2015;pisemny;rozszerzony;fizyka;kobiety;2018;35,5
formuła 2015;pisemny;rozszerzony;historia muzyki;kobiety;2018;53,7
formuła 2015;pisemny;rozszerzony;historia sztuki;kobiety;2018;45,6
formuła 2015;pisemny;rozszerzony;filozofia;kobiety;2018;42,2
formuła 2015;pisemny;rozszerzony;język łaciński i kultura antyczna;kobiety;2018;53,9
formuła 2015;pisemny;rozszerzony;informatyka;kobiety;2018;37,4
formuła 2015;pisemny;rozszerzony;język kaszubski;kobiety;2018;63,3
formuła 2015;pisemny;rozszerzony;język polski;mężczyźni;2018;48,9
formuła 2015;pisemny;rozszerzony;język białoruski;mężczyźni;2018;100,0
formuła 2015;pisemny;rozszerzony;język litewski;mężczyźni;2018;75,5
formuła 2015;pisemny;rozszerzony;język ukraiński;mężczyźni;2018;77,3
formuła 2015;pisemny;rozszerzony;matematyka;mężczyźni;2018;26,8
formuła 2015;pisemny;rozszerzony;język angielski;mężczyźni;2018;57,9
formuła 2015;pisemny;rozszerzony;język niemiecki;mężczyźni;2018;55,6
formuła 2015;pisemny;rozszerzony;język francuski;mężczyźni;2018;65,6
formuła 2015;pisemny;rozszerzony;język rosyjski;mężczyźni;2018;59,1
formuła 2015;pisemny;rozszerzony;język hiszpański;mężczyźni;2018;55,0
formuła 2015;pisemny;rozszerzony;język włoski;mężczyźni;2018;71,7
formuła 2015;pisemny;rozszerzony;wiedza o społeczeństwie;mężczyźni;2018;29,9
formuła 2015;pisemny;rozszerzony;geografia;mężczyźni;2018;30,6
formuła 2015;pisemny;rozszerzony;biologia;mężczyźni;2018;33,0
formuła 2015;pisemny;rozszerzony;chemia;mężczyźni;2018;43,5
formuła 2015;pisemny;rozszerzony;historia;mężczyźni;2018;33,3
formuła 2015;pisemny;rozszerzony;fizyka;mężczyźni;2018;34,9
formuła 2015;pisemny;rozszerzony;historia muzyki;mężczyźni;2018;34,9
formuła 2015;pisemny;rozszerzony;historia sztuki;mężczyźni;2018;38,7
formuła 2015;pisemny;rozszerzony;filozofia;mężczyźni;2018;35,8
formuła 2015;pisemny;rozszerzony;język łaciński i kultura antyczna;mężczyźni;2018;65,2
formuła 2015;pisemny;rozszerzony;informatyka;mężczyźni;2018;33,8
formuła 2015;pisemny;rozszerzony;język kaszubski;mężczyźni;2018;46,5
formuła 2015;pisemny;rozszerzony;język łemkowski;mężczyźni;2018;95,0
formuła 2015;pisemny;rozszerzony;język polski;ogółem;2018;51,1
formuła 2015;pisemny;rozszerzony;język białoruski;ogółem;2018;100,0
formuła 2015;pisemny;rozszerzony;język litewski;ogółem;2018;83,4
formuła 2015;pisemny;rozszerzony;język ukraiński;ogółem;2018;83,6
formuła 2015;pisemny;rozszerzony;matematyka;ogółem;2018;28,6
formuła 2015;pisemny;rozszerzony;język angielski;ogółem;2018;57,3
formuła 2015;pisemny;rozszerzony;język niemiecki;ogółem;2018;54,3
formuła 2015;pisemny;rozszerzony;język francuski;ogółem;2018;67,0
formuła 2015;pisemny;rozszerzony;język rosyjski;ogółem;2018;59,3
formuła 2015;pisemny;rozszerzony;język hiszpański;ogółem;2018;55,5
formuła 2015;pisemny;rozszerzony;język włoski;ogółem;2018;69,6
formuła 2015;pisemny;rozszerzony;wiedza o społeczeństwie;ogółem;2018;27,9
formuła 2015;pisemny;rozszerzony;geografia;ogółem;2018;30,4
formuła 2015;pisemny;rozszerzony;biologia;ogółem;2018;32,0
formuła 2015;pisemny;rozszerzony;chemia;ogółem;2018;39,7
formuła 2015;pisemny;rozszerzony;historia;ogółem;2018;32,4
formuła 2015;pisemny;rozszerzony;fizyka;ogółem;2018;35,0
formuła 2015;pisemny;rozszerzony;historia muzyki;ogółem;2018;45,7
formuła 2015;pisemny;rozszerzony;historia sztuki;ogółem;2018;44,4
formuła 2015;pisemny;rozszerzony;filozofia;ogółem;2018;38,9
formuła 2015;pisemny;rozszerzony;język łaciński i kultura antyczna;ogółem;2018;58,0
formuła 2015;pisemny;rozszerzony;informatyka;ogółem;2018;34,1
formuła 2015;pisemny;rozszerzony;język kaszubski;ogółem;2018;61,9
formuła 2015;pisemny;rozszerzony;język łemkowski;ogółem;2018;95,0
formuła 2015;ustny;nie dotyczy;język polski;kobiety;2018;68,3
formuła 2015;ustny;nie dotyczy;język angielski;kobiety;2018;69,3
formuła 2015;ustny;nie dotyczy;język niemiecki;kobiety;2018;65,2
formuła 2015;ustny;nie dotyczy;język francuski;kobiety;2018;81,7
formuła 2015;ustny;nie dotyczy;język rosyjski;kobiety;2018;66,2
formuła 2015;ustny;nie dotyczy;język hiszpański;kobiety;2018;77,2
formuła 2015;ustny;nie dotyczy;język włoski;kobiety;2018;80,2
formuła 2015;ustny;nie dotyczy;język polski;mężczyźni;2018;63,3
formuła 2015;ustny;nie dotyczy;język angielski;mężczyźni;2018;70,5
formuła 2015;ustny;nie dotyczy;język niemiecki;mężczyźni;2018;63,4
formuła 2015;ustny;nie dotyczy;język francuski;mężczyźni;2018;81,8
formuła 2015;ustny;nie dotyczy;język rosyjski;mężczyźni;2018;63,2
formuła 2015;ustny;nie dotyczy;język hiszpański;mężczyźni;2018;79,8
formuła 2015;ustny;nie dotyczy;język włoski;mężczyźni;2018;80,8
formuła 2015;ustny;nie dotyczy;język polski;ogółem;2018;66,0
formuła 2015;ustny;nie dotyczy;język angielski;ogółem;2018;69,8
formuła 2015;ustny;nie dotyczy;język niemiecki;ogółem;2018;64,6
formuła 2015;ustny;nie dotyczy;język francuski;ogółem;2018;81,8
formuła 2015;ustny;nie dotyczy;język rosyjski;ogółem;2018;65,1
formuła 2015;ustny;nie dotyczy;język hiszpański;ogółem;2018;77,9
formuła 2015;ustny;nie dotyczy;język włoski;ogółem;2018;80,3
formuła 2015;pisemny;podstawowy;język polski;kobiety;2019;54,6
formuła 2015;pisemny;podstawowy;język białoruski;kobiety;2019;75,3
formuła 2015;pisemny;podstawowy;język litewski;kobiety;2019;77,5
formuła 2015;pisemny;podstawowy;język ukraiński;kobiety;2019;73,0
formuła 2015;pisemny;podstawowy;matematyka;kobiety;2019;58,1
formuła 2015;pisemny;podstawowy;język angielski;kobiety;2019;71,5
formuła 2015;pisemny;podstawowy;język niemiecki;kobiety;2019;61,3
formuła 2015;pisemny;podstawowy;język francuski;kobiety;2019;80,5
formuła 2015;pisemny;podstawowy;język rosyjski;kobiety;2019;67,3
formuła 2015;pisemny;podstawowy;język hiszpański;kobiety;2019;76,4
formuła 2015;pisemny;podstawowy;język włoski;kobiety;2019;81,4
formuła 2015;pisemny;podstawowy;język polski;mężczyźni;2019;48,5
formuła 2015;pisemny;podstawowy;język białoruski;mężczyźni;2019;66,8
formuła 2015;pisemny;podstawowy;język litewski;mężczyźni;2019;73,6
formuła 2015;pisemny;podstawowy;język ukraiński;mężczyźni;2019;68,7
formuła 2015;pisemny;podstawowy;matematyka;mężczyźni;2019;58,8
formuła 2015;pisemny;podstawowy;język angielski;mężczyźni;2019;73,5
formuła 2015;pisemny;podstawowy;język niemiecki;mężczyźni;2019;60,5
formuła 2015;pisemny;podstawowy;język francuski;mężczyźni;2019;82,0
formuła 2015;pisemny;podstawowy;język rosyjski;mężczyźni;2019;59,8
formuła 2015;pisemny;podstawowy;język hiszpański;mężczyźni;2019;78,5
formuła 2015;pisemny;podstawowy;język włoski;mężczyźni;2019;83,1
formuła 2015;pisemny;podstawowy;język polski;ogółem;2019;51,8
formuła 2015;pisemny;podstawowy;język białoruski;ogółem;2019;72,2
formuła 2015;pisemny;podstawowy;język litewski;ogółem;2019;76,3
formuła 2015;pisemny;podstawowy;język ukraiński;ogółem;2019;71,8
formuła 2015;pisemny;podstawowy;matematyka;ogółem;2019;58,4
formuła 2015;pisemny;podstawowy;język angielski;ogółem;2019;72,4
formuła 2015;pisemny;podstawowy;język niemiecki;ogółem;2019;61,1
formuła 2015;pisemny;podstawowy;język francuski;ogółem;2019;80,9
formuła 2015;pisemny;podstawowy;język rosyjski;ogółem;2019;64,7
formuła 2015;pisemny;podstawowy;język hiszpański;ogółem;2019;77,0
formuła 2015;pisemny;podstawowy;język włoski;ogółem;2019;81,9
formuła 2015;pisemny;rozszerzony;język polski;kobiety;2019;56,4
formuła 2015;pisemny;rozszerzony;język białoruski;kobiety;2019;100,0
formuła 2015;pisemny;rozszerzony;język litewski;kobiety;2019;90,9
formuła 2015;pisemny;rozszerzony;język ukraiński;kobiety;2019;83,3
formuła 2015;pisemny;rozszerzony;matematyka;kobiety;2019;42,6
formuła 2015;pisemny;rozszerzony;język angielski;kobiety;2019;56,0
formuła 2015;pisemny;rozszerzony;język niemiecki;kobiety;2019;55,7
formuła 2015;pisemny;rozszerzony;język francuski;kobiety;2019;66,6
formuła 2015;pisemny;rozszerzony;język rosyjski;kobiety;2019;61,9
formuła 2015;pisemny;rozszerzony;język hiszpański;kobiety;2019;54,7
formuła 2015;pisemny;rozszerzony;język włoski;kobiety;2019;71,1
formuła 2015;pisemny;rozszerzony;wiedza o społeczeństwie;kobiety;2019;25,1
formuła 2015;pisemny;rozszerzony;geografia;kobiety;2019;28,4
formuła 2015;pisemny;rozszerzony;biologia;kobiety;2019;32,7
formuła 2015;pisemny;rozszerzony;chemia;kobiety;2019;38,9
formuła 2015;pisemny;rozszerzony;historia;kobiety;2019;34,7
formuła 2015;pisemny;rozszerzony;fizyka;kobiety;2019;44,0
formuła 2015;pisemny;rozszerzony;historia muzyki;kobiety;2019;49,7
formuła 2015;pisemny;rozszerzony;historia sztuki;kobiety;2019;50,1
formuła 2015;pisemny;rozszerzony;filozofia;kobiety;2019;37,5
formuła 2015;pisemny;rozszerzony;język łaciński i kultura antyczna;kobiety;2019;60,0
formuła 2015;pisemny;rozszerzony;informatyka;kobiety;2019;38,8
formuła 2015;pisemny;rozszerzony;język kaszubski;kobiety;2019;51,1
formuła 2015;pisemny;rozszerzony;język łemkowski;kobiety;2019;92,5
formuła 2015;pisemny;rozszerzony;język polski;mężczyźni;2019;51,6
formuła 2015;pisemny;rozszerzony;język białoruski;mężczyźni;2019;100,0
formuła 2015;pisemny;rozszerzony;język litewski;mężczyźni;2019;87,0
formuła 2015;pisemny;rozszerzony;język ukraiński;mężczyźni;2019;60,3
formuła 2015;pisemny;rozszerzony;matematyka;mężczyźni;2019;36,2
formuła 2015;pisemny;rozszerzony;język angielski;mężczyźni;2019;56,5
formuła 2015;pisemny;rozszerzony;język niemiecki;mężczyźni;2019;56,8
formuła 2015;pisemny;rozszerzony;język francuski;mężczyźni;2019;65,7
formuła 2015;pisemny;rozszerzony;język rosyjski;mężczyźni;2019;63,5
formuła 2015;pisemny;rozszerzony;język hiszpański;mężczyźni;2019;50,9
formuła 2015;pisemny;rozszerzony;język włoski;mężczyźni;2019;70,8
formuła 2015;pisemny;rozszerzony;wiedza o społeczeństwie;mężczyźni;2019;29,3
formuła 2015;pisemny;rozszerzony;geografia;mężczyźni;2019;29,3
formuła 2015;pisemny;rozszerzony;biologia;mężczyźni;2019;34,8
formuła 2015;pisemny;rozszerzony;chemia;mężczyźni;2019;44,0
formuła 2015;pisemny;rozszerzony;historia;mężczyźni;2019;38,7
formuła 2015;pisemny;rozszerzony;fizyka;mężczyźni;2019;41,9
formuła 2015;pisemny;rozszerzony;historia muzyki;mężczyźni;2019;40,4
formuła 2015;pisemny;rozszerzony;historia sztuki;mężczyźni;2019;41,1
formuła 2015;pisemny;rozszerzony;filozofia;mężczyźni;2019;35,8
formuła 2015;pisemny;rozszerzony;język łaciński i kultura antyczna;mężczyźni;2019;61,7
formuła 2015;pisemny;rozszerzony;informatyka;mężczyźni;2019;36,3
formuła 2015;pisemny;rozszerzony;język kaszubski;mężczyźni;2019;30,5
formuła 2015;pisemny;rozszerzony;język łemkowski;mężczyźni;2019;78,0
formuła 2015;pisemny;rozszerzony;język polski;ogółem;2019;55,3
formuła 2015;pisemny;rozszerzony;język białoruski;ogółem;2019;100,0
formuła 2015;pisemny;rozszerzony;język litewski;ogółem;2019;89,9
formuła 2015;pisemny;rozszerzony;język ukraiński;ogółem;2019;78,9
formuła 2015;pisemny;rozszerzony;matematyka;ogółem;2019;38,6
formuła 2015;pisemny;rozszerzony;język angielski;ogółem;2019;56,2
formuła 2015;pisemny;rozszerzony;język niemiecki;ogółem;2019;56,1
formuła 2015;pisemny;rozszerzony;język francuski;ogółem;2019;66,4
formuła 2015;pisemny;rozszerzony;język rosyjski;ogółem;2019;62,4
formuła 2015;pisemny;rozszerzony;język hiszpański;ogółem;2019;53,8
formuła 2015;pisemny;rozszerzony;język włoski;ogółem;2019;71,0
formuła 2015;pisemny;rozszerzony;wiedza o społeczeństwie;ogółem;2019;26,8
formuła 2015;pisemny;rozszerzony;geografia;ogółem;2019;28,8
formuła 2015;pisemny;rozszerzony;biologia;ogółem;2019;33,2
formuła 2015;pisemny;rozszerzony;chemia;ogółem;2019;40,2
formuła 2015;pisemny;rozszerzony;historia;ogółem;2019;36,8
formuła 2015;pisemny;rozszerzony;fizyka;ogółem;2019;42,4
formuła 2015;pisemny;rozszerzony;historia muzyki;ogółem;2019;46,3
formuła 2015;pisemny;rozszerzony;historia sztuki;ogółem;2019;48,4
formuła 2015;pisemny;rozszerzony;filozofia;ogółem;2019;36,7
formuła 2015;pisemny;rozszerzony;język łaciński i kultura antyczna;ogółem;2019;60,5
formuła 2015;pisemny;rozszerzony;informatyka;ogółem;2019;36,5
formuła 2015;pisemny;rozszerzony;język kaszubski;ogółem;2019;44,2
formuła 2015;pisemny;rozszerzony;język łemkowski;ogółem;2019;87,7
formuła 2015;ustny;nie dotyczy;język polski;kobiety;2019;68,1
formuła 2015;ustny;nie dotyczy;język angielski;kobiety;2019;69,6
formuła 2015;ustny;nie dotyczy;język niemiecki;kobiety;2019;65,5
formuła 2015;ustny;nie dotyczy;język francuski;kobiety;2019;80,5
formuła 2015;ustny;nie dotyczy;język rosyjski;kobiety;2019;68,0
formuła 2015;ustny;nie dotyczy;język hiszpański;kobiety;2019;78,1
formuła 2015;ustny;nie dotyczy;język włoski;kobiety;2019;80,6
formuła 2015;ustny;nie dotyczy;język polski;mężczyźni;2019;63,2
formuła 2015;ustny;nie dotyczy;język angielski;mężczyźni;2019;71,5
formuła 2015;ustny;nie dotyczy;język niemiecki;mężczyźni;2019;65,2
formuła 2015;ustny;nie dotyczy;język francuski;mężczyźni;2019;82,0
formuła 2015;ustny;nie dotyczy;język rosyjski;mężczyźni;2019;62,1
formuła 2015;ustny;nie dotyczy;język hiszpański;mężczyźni;2019;79,7
formuła 2015;ustny;nie dotyczy;język włoski;mężczyźni;2019;82,1
formuła 2015;ustny;nie dotyczy;język polski;ogółem;2019;65,9
formuła 2015;ustny;nie dotyczy;język angielski;ogółem;2019;70,5
formuła 2015;ustny;nie dotyczy;język niemiecki;ogółem;2019;65,4
formuła 2015;ustny;nie dotyczy;język francuski;ogółem;2019;81,0
formuła 2015;ustny;nie dotyczy;język rosyjski;ogółem;2019;65,9
formuła 2015;ustny;nie dotyczy;język hiszpański;ogółem;2019;78,5
formuła 2015;ustny;nie dotyczy;język włoski;ogółem;2019;81,1
formuła 2015;pisemny;podstawowy;język polski;kobiety;2020;55,3
formuła 2015;pisemny;podstawowy;język białoruski;kobiety;2020;75,6
formuła 2015;pisemny;podstawowy;język litewski;kobiety;2020;82,7
formuła 2015;pisemny;podstawowy;język ukraiński;kobiety;2020;81,3
formuła 2015;pisemny;podstawowy;matematyka;kobiety;2020;52,4
formuła 2015;pisemny;podstawowy;język angielski;kobiety;2020;69,9
formuła 2015;pisemny;podstawowy;język niemiecki;kobiety;2020;55,1
formuła 2015;pisemny;podstawowy;język francuski;kobiety;2020;84,7
formuła 2015;pisemny;podstawowy;język rosyjski;kobiety;2020;60,9
formuła 2015;pisemny;podstawowy;język hiszpański;kobiety;2020;75,0
formuła 2015;pisemny;podstawowy;język włoski;kobiety;2020;80,4
formuła 2015;pisemny;podstawowy;język polski;mężczyźni;2020;48,4
formuła 2015;pisemny;podstawowy;język białoruski;mężczyźni;2020;64,1
formuła 2015;pisemny;podstawowy;język litewski;mężczyźni;2020;79,8
formuła 2015;pisemny;podstawowy;język ukraiński;mężczyźni;2020;73,0
formuła 2015;pisemny;podstawowy;matematyka;mężczyźni;2020;52,1
formuła 2015;pisemny;podstawowy;język angielski;mężczyźni;2020;72,6
formuła 2015;pisemny;podstawowy;język niemiecki;mężczyźni;2020;55,2
formuła 2015;pisemny;podstawowy;język francuski;mężczyźni;2020;82,7
formuła 2015;pisemny;podstawowy;język rosyjski;mężczyźni;2020;57,8
formuła 2015;pisemny;podstawowy;język hiszpański;mężczyźni;2020;75,7
formuła 2015;pisemny;podstawowy;język włoski;mężczyźni;2020;75,0
formuła 2015;pisemny;podstawowy;język polski;ogółem;2020;52,1
formuła 2015;pisemny;podstawowy;język białoruski;ogółem;2020;71,0
formuła 2015;pisemny;podstawowy;język litewski;ogółem;2020;81,4
formuła 2015;pisemny;podstawowy;język ukraiński;ogółem;2020;77,7
formuła 2015;pisemny;podstawowy;matematyka;ogółem;2020;52,3
formuła 2015;pisemny;podstawowy;język angielski;ogółem;2020;71,1
formuła 2015;pisemny;podstawowy;język niemiecki;ogółem;2020;55,1
formuła 2015;pisemny;podstawowy;język francuski;ogółem;2020;84,1
formuła 2015;pisemny;podstawowy;język rosyjski;ogółem;2020;59,7
formuła 2015;pisemny;podstawowy;język hiszpański;ogółem;2020;75,2
formuła 2015;pisemny;podstawowy;język włoski;ogółem;2020;78,9
formuła 2015;pisemny;rozszerzony;język polski;kobiety;2020;58,1
formuła 2015;pisemny;rozszerzony;język białoruski;kobiety;2020;98,6
formuła 2015;pisemny;rozszerzony;język litewski;kobiety;2020;85,2
formuła 2015;pisemny;rozszerzony;język ukraiński;kobiety;2020;82,6
formuła 2015;pisemny;rozszerzony;matematyka;kobiety;2020;37,6
formuła 2015;pisemny;rozszerzony;język angielski;kobiety;2020;55,7
formuła 2015;pisemny;rozszerzony;język niemiecki;kobiety;2020;56,1
formuła 2015;pisemny;rozszerzony;język francuski;kobiety;2020;60,6
formuła 2015;pisemny;rozszerzony;język rosyjski;kobiety;2020;65,8
formuła 2015;pisemny;rozszerzony;język hiszpański;kobiety;2020;55,7
formuła 2015;pisemny;rozszerzony;język włoski;kobiety;2020;70,7
formuła 2015;pisemny;rozszerzony;wiedza o społeczeństwie;kobiety;2020;27,0
formuła 2015;pisemny;rozszerzony;geografia;kobiety;2020;20,3
formuła 2015;pisemny;rozszerzony;biologia;kobiety;2020;43,0
formuła 2015;pisemny;rozszerzony;chemia;kobiety;2020;36,4
formuła 2015;pisemny;rozszerzony;historia;kobiety;2020;30,9
formuła 2015;pisemny;rozszerzony;fizyka;kobiety;2020;35,4
formuła 2015;pisemny;rozszerzony;historia muzyki;kobiety;2020;53,2
formuła 2015;pisemny;rozszerzony;historia sztuki;kobiety;2020;42,5
formuła 2015;pisemny;rozszerzony;filozofia;kobiety;2020;38,2
formuła 2015;pisemny;rozszerzony;język łaciński i kultura antyczna;kobiety;2020;45,5
formuła 2015;pisemny;rozszerzony;informatyka;kobiety;2020;32,6
formuła 2015;pisemny;rozszerzony;język kaszubski;kobiety;2020;63,2
formuła 2015;pisemny;rozszerzony;język polski;mężczyźni;2020;54,7
formuła 2015;pisemny;rozszerzony;język białoruski;mężczyźni;2020;98,8
formuła 2015;pisemny;rozszerzony;język litewski;mężczyźni;2020;82,7
formuła 2015;pisemny;rozszerzony;język ukraiński;mężczyźni;2020;68,3
formuła 2015;pisemny;rozszerzony;matematyka;mężczyźni;2020;31,2
formuła 2015;pisemny;rozszerzony;język angielski;mężczyźni;2020;55,9
formuła 2015;pisemny;rozszerzony;język niemiecki;mężczyźni;2020;55,8
formuła 2015;pisemny;rozszerzony;język francuski;mężczyźni;2020;57,9
formuła 2015;pisemny;rozszerzony;język rosyjski;mężczyźni;2020;68,9
formuła 2015;pisemny;rozszerzony;język hiszpański;mężczyźni;2020;54,0
formuła 2015;pisemny;rozszerzony;język włoski;mężczyźni;2020;71,0
formuła 2015;pisemny;rozszerzony;wiedza o społeczeństwie;mężczyźni;2020;32,5
formuła 2015;pisemny;rozszerzony;geografia;mężczyźni;2020;20,8
formuła 2015;pisemny;rozszerzony;biologia;mężczyźni;2020;43,2
formuła 2015;pisemny;rozszerzony;chemia;mężczyźni;2020;43,5
formuła 2015;pisemny;rozszerzony;historia;mężczyźni;2020;35,6
formuła 2015;pisemny;rozszerzony;fizyka;mężczyźni;2020;34,2
formuła 2015;pisemny;rozszerzony;historia muzyki;mężczyźni;2020;44,0
formuła 2015;pisemny;rozszerzony;historia sztuki;mężczyźni;2020;34,2
formuła 2015;pisemny;rozszerzony;filozofia;mężczyźni;2020;36,5
formuła 2015;pisemny;rozszerzony;język łaciński i kultura antyczna;mężczyźni;2020;53,2
formuła 2015;pisemny;rozszerzony;informatyka;mężczyźni;2020;28,6
formuła 2015;pisemny;rozszerzony;język kaszubski;mężczyźni;2020;64,3
formuła 2015;pisemny;rozszerzony;język polski;ogółem;2020;57,3
formuła 2015;pisemny;rozszerzony;język białoruski;ogółem;2020;98,6
formuła 2015;pisemny;rozszerzony;język litewski;ogółem;2020;84,4
formuła 2015;pisemny;rozszerzony;język ukraiński;ogółem;2020;76,0
formuła 2015;pisemny;rozszerzony;matematyka;ogółem;2020;33,7
formuła 2015;pisemny;rozszerzony;język angielski;ogółem;2020;55,8
formuła 2015;pisemny;rozszerzony;język niemiecki;ogółem;2020;56,0
formuła 2015;pisemny;rozszerzony;język francuski;ogółem;2020;60,0
formuła 2015;pisemny;rozszerzony;język rosyjski;ogółem;2020;66,9
formuła 2015;pisemny;rozszerzony;język hiszpański;ogółem;2020;55,3
formuła 2015;pisemny;rozszerzony;język włoski;ogółem;2020;70,8
formuła 2015;pisemny;rozszerzony;wiedza o społeczeństwie;ogółem;2020;29,3
formuła 2015;pisemny;rozszerzony;geografia;ogółem;2020;20,5
formuła 2015;pisemny;rozszerzony;biologia;ogółem;2020;43,0
formuła 2015;pisemny;rozszerzony;chemia;ogółem;2020;38,3
formuła 2015;pisemny;rozszerzony;historia;ogółem;2020;33,4
formuła 2015;pisemny;rozszerzony;fizyka;ogółem;2020;34,5
formuła 2015;pisemny;rozszerzony;historia muzyki;ogółem;2020;49,5
formuła 2015;pisemny;rozszerzony;historia sztuki;ogółem;2020;40,9
formuła 2015;pisemny;rozszerzony;filozofia;ogółem;2020;37,4
formuła 2015;pisemny;rozszerzony;język łaciński i kultura antyczna;ogółem;2020;47,7
formuła 2015;pisemny;rozszerzony;informatyka;ogółem;2020;29,0
formuła 2015;pisemny;rozszerzony;język kaszubski;ogółem;2020;63,5
formuła 2015;pisemny;podstawowy;język polski;kobiety;2021;58,1
formuła 2015;pisemny;podstawowy;język białoruski;kobiety;2021;72,0
formuła 2015;pisemny;podstawowy;język litewski;kobiety;2021;80,3
formuła 2015;pisemny;podstawowy;język ukraiński;kobiety;2021;84,0
formuła 2015;pisemny;podstawowy;matematyka;kobiety;2021;56,5
formuła 2015;pisemny;podstawowy;język angielski;kobiety;2021;75,4
formuła 2015;pisemny;podstawowy;język niemiecki;kobiety;2021;58,6
formuła 2015;pisemny;podstawowy;język francuski;kobiety;2021;81,5
formuła 2015;pisemny;podstawowy;język rosyjski;kobiety;2021;69,4
formuła 2015;pisemny;podstawowy;język hiszpański;kobiety;2021;75,9
formuła 2015;pisemny;podstawowy;język włoski;kobiety;2021;80,2
formuła 2015;pisemny;podstawowy;język polski;mężczyźni;2021;51,9
formuła 2015;pisemny;podstawowy;język białoruski;mężczyźni;2021;59,7
formuła 2015;pisemny;podstawowy;język litewski;mężczyźni;2021;68,4
formuła 2015;pisemny;podstawowy;język ukraiński;mężczyźni;2021;80,2
formuła 2015;pisemny;podstawowy;matematyka;mężczyźni;2021;56,3
formuła 2015;pisemny;podstawowy;język angielski;mężczyźni;2021;77,4
formuła 2015;pisemny;podstawowy;język niemiecki;mężczyźni;2021;57,9
formuła 2015;pisemny;podstawowy;język francuski;mężczyźni;2021;83,5
formuła 2015;pisemny;podstawowy;język rosyjski;mężczyźni;2021;65,2
formuła 2015;pisemny;podstawowy;język hiszpański;mężczyźni;2021;77,8
formuła 2015;pisemny;podstawowy;język włoski;mężczyźni;2021;82,2
formuła 2015;pisemny;podstawowy;język polski;ogółem;2021;55,2
formuła 2015;pisemny;podstawowy;język białoruski;ogółem;2021;67,0
formuła 2015;pisemny;podstawowy;język litewski;ogółem;2021;75,1
formuła 2015;pisemny;podstawowy;język ukraiński;ogółem;2021;82,7
formuła 2015;pisemny;podstawowy;matematyka;ogółem;2021;56,4
formuła 2015;pisemny;podstawowy;język angielski;ogółem;2021;76,3
formuła 2015;pisemny;podstawowy;język niemiecki;ogółem;2021;58,4
formuła 2015;pisemny;podstawowy;język francuski;ogółem;2021;82,0
formuła 2015;pisemny;podstawowy;język rosyjski;ogółem;2021;67,9
formuła 2015;pisemny;podstawowy;język hiszpański;ogółem;2021;76,4
formuła 2015;pisemny;podstawowy;język włoski;ogółem;2021;80,8
formuła 2015;pisemny;rozszerzony;język polski;kobiety;2021;50,3
formuła 2015;pisemny;rozszerzony;język białoruski;kobiety;2021;100,0
formuła 2015;pisemny;rozszerzony;język litewski;kobiety;2021;87,4
formuła 2015;pisemny;rozszerzony;język ukraiński;kobiety;2021;66,6
formuła 2015;pisemny;rozszerzony;matematyka;kobiety;2021;34,4
formuła 2015;pisemny;rozszerzony;język angielski;kobiety;2021;65,3
formuła 2015;pisemny;rozszerzony;język niemiecki;kobiety;2021;58,2
formuła 2015;pisemny;rozszerzony;język francuski;kobiety;2021;63,9
formuła 2015;pisemny;rozszerzony;język rosyjski;kobiety;2021;74,8
formuła 2015;pisemny;rozszerzony;język hiszpański;kobiety;2021;60,0
formuła 2015;pisemny;rozszerzony;język włoski;kobiety;2021;71,6
formuła 2015;pisemny;rozszerzony;wiedza o społeczeństwie;kobiety;2021;25,1
formuła 2015;pisemny;rozszerzony;geografia;kobiety;2021;33,0
formuła 2015;pisemny;rozszerzony;biologia;kobiety;2021;32,8
formuła 2015;pisemny;rozszerzony;chemia;kobiety;2021;33,3
formuła 2015;pisemny;rozszerzony;historia;kobiety;2021;33,4
formuła 2015;pisemny;rozszerzony;fizyka;kobiety;2021;38,1
formuła 2015;pisemny;rozszerzony;historia muzyki;kobiety;2021;48,8
formuła 2015;pisemny;rozszerzony;historia sztuki;kobiety;2021;44,7
formuła 2015;pisemny;rozszerzony;filozofia;kobiety;2021;29,0
formuła 2015;pisemny;rozszerzony;język łaciński i kultura antyczna;kobiety;2021;48,8
formuła 2015;pisemny;rozszerzony;informatyka;kobiety;2021;40,2
formuła 2015;pisemny;rozszerzony;język kaszubski;kobiety;2021;55,0
formuła 2015;pisemny;rozszerzony;język łemkowski;kobiety;2021;89,0
formuła 2015;pisemny;rozszerzony;język polski;mężczyźni;2021;44,9
formuła 2015;pisemny;rozszerzony;język białoruski;mężczyźni;2021;100,0
formuła 2015;pisemny;rozszerzony;język litewski;mężczyźni;2021;68,1
formuła 2015;pisemny;rozszerzony;język ukraiński;mężczyźni;2021;63,6
formuła 2015;pisemny;rozszerzony;matematyka;mężczyźni;2021;29,3
formuła 2015;pisemny;rozszerzony;język angielski;mężczyźni;2021;64,6
formuła 2015;pisemny;rozszerzony;język niemiecki;mężczyźni;2021;58,7
formuła 2015;pisemny;rozszerzony;język francuski;mężczyźni;2021;62,9
formuła 2015;pisemny;rozszerzony;język rosyjski;mężczyźni;2021;77,4
formuła 2015;pisemny;rozszerzony;język hiszpański;mężczyźni;2021;58,1
formuła 2015;pisemny;rozszerzony;język włoski;mężczyźni;2021;73,0
formuła 2015;pisemny;rozszerzony;wiedza o społeczeństwie;mężczyźni;2021;32,0
formuła 2015;pisemny;rozszerzony;geografia;mężczyźni;2021;33,9
formuła 2015;pisemny;rozszerzony;biologia;mężczyźni;2021;34,5
formuła 2015;pisemny;rozszerzony;chemia;mężczyźni;2021;40,0
formuła 2015;pisemny;rozszerzony;historia;mężczyźni;2021;39,7
formuła 2015;pisemny;rozszerzony;fizyka;mężczyźni;2021;36,9
formuła 2015;pisemny;rozszerzony;historia muzyki;mężczyźni;2021;40,0
formuła 2015;pisemny;rozszerzony;historia sztuki;mężczyźni;2021;40,1
formuła 2015;pisemny;rozszerzony;filozofia;mężczyźni;2021;29,9
formuła 2015;pisemny;rozszerzony;język łaciński i kultura antyczna;mężczyźni;2021;50,8
formuła 2015;pisemny;rozszerzony;informatyka;mężczyźni;2021;37,7
formuła 2015;pisemny;rozszerzony;język kaszubski;mężczyźni;2021;71,7
formuła 2015;pisemny;rozszerzony;język polski;ogółem;2021;49,1
formuła 2015;pisemny;rozszerzony;język białoruski;ogółem;2021;100,0
formuła 2015;pisemny;rozszerzony;język litewski;ogółem;2021;79,3
formuła 2015;pisemny;rozszerzony;język ukraiński;ogółem;2021;65,4
formuła 2015;pisemny;rozszerzony;matematyka;ogółem;2021;31,4
formuła 2015;pisemny;rozszerzony;język angielski;ogółem;2021;65,0
formuła 2015;pisemny;rozszerzony;język niemiecki;ogółem;2021;58,4
formuła 2015;pisemny;rozszerzony;język francuski;ogółem;2021;63,7
formuła 2015;pisemny;rozszerzony;język rosyjski;ogółem;2021;75,8
formuła 2015;pisemny;rozszerzony;język hiszpański;ogółem;2021;59,6
formuła 2015;pisemny;rozszerzony;język włoski;ogółem;2021;72,0
formuła 2015;pisemny;rozszerzony;wiedza o społeczeństwie;ogółem;2021;27,9
formuła 2015;pisemny;rozszerzony;geografia;ogółem;2021;33,4
formuła 2015;pisemny;rozszerzony;biologia;ogółem;2021;33,2
formuła 2015;pisemny;rozszerzony;chemia;ogółem;2021;35,0
formuła 2015;pisemny;rozszerzony;historia;ogółem;2021;36,6
formuła 2015;pisemny;rozszerzony;fizyka;ogółem;2021;37,2
formuła 2015;pisemny;rozszerzony;historia muzyki;ogółem;2021;45,4
formuła 2015;pisemny;rozszerzony;historia sztuki;ogółem;2021;43,9
formuła 2015;pisemny;rozszerzony;filozofia;ogółem;2021;29,4
formuła 2015;pisemny;rozszerzony;język łaciński i kultura antyczna;ogółem;2021;49,4
formuła 2015;pisemny;rozszerzony;informatyka;ogółem;2021;37,9
formuła 2015;pisemny;rozszerzony;język kaszubski;ogółem;2021;61,3
formuła 2015;pisemny;rozszerzony;język łemkowski;ogółem;2021;89,0
formuła 2015;pisemny;podstawowy;język polski;kobiety;2022;57,2
formuła 2015;pisemny;podstawowy;język białoruski;kobiety;2022;70,5
formuła 2015;pisemny;podstawowy;język litewski;kobiety;2022;80,0
formuła 2015;pisemny;podstawowy;język ukraiński;kobiety;2022;73,7
formuła 2015;pisemny;podstawowy;matematyka;kobiety;2022;57,4
formuła 2015;pisemny;podstawowy;język angielski;kobiety;2022;74,8
formuła 2015;pisemny;podstawowy;język niemiecki;kobiety;2022;56,6
formuła 2015;pisemny;podstawowy;język francuski;kobiety;2022;80,8
formuła 2015;pisemny;podstawowy;język rosyjski;kobiety;2022;67,6
formuła 2015;pisemny;podstawowy;język hiszpański;kobiety;2022;77,0
formuła 2015;pisemny;podstawowy;język włoski;kobiety;2022;77,9
formuła 2015;pisemny;podstawowy;język polski;mężczyźni;2022;50,3
formuła 2015;pisemny;podstawowy;język białoruski;mężczyźni;2022;71,3
formuła 2015;pisemny;podstawowy;język litewski;mężczyźni;2022;66,6
formuła 2015;pisemny;podstawowy;język ukraiński;mężczyźni;2022;68,9
formuła 2015;pisemny;podstawowy;matematyka;mężczyźni;2022;57,8
formuła 2015;pisemny;podstawowy;język angielski;mężczyźni;2022;78,2
formuła 2015;pisemny;podstawowy;język niemiecki;mężczyźni;2022;58,0
formuła 2015;pisemny;podstawowy;język francuski;mężczyźni;2022;81,8
formuła 2015;pisemny;podstawowy;język rosyjski;mężczyźni;2022;68,0
formuła 2015;pisemny;podstawowy;język hiszpański;mężczyźni;2022;76,0
formuła 2015;pisemny;podstawowy;język włoski;mężczyźni;2022;74,4
formuła 2015;pisemny;podstawowy;język polski;ogółem;2022;54,1
formuła 2015;pisemny;podstawowy;język białoruski;ogółem;2022;70,9
formuła 2015;pisemny;podstawowy;język litewski;ogółem;2022;73,6
formuła 2015;pisemny;podstawowy;język ukraiński;ogółem;2022;72,2
formuła 2015;pisemny;podstawowy;matematyka;ogółem;2022;57,6
formuła 2015;pisemny;podstawowy;język angielski;ogółem;2022;76,4
formuła 2015;pisemny;podstawowy;język niemiecki;ogółem;2022;57,1
formuła 2015;pisemny;podstawowy;język francuski;ogółem;2022;81,1
formuła 2015;pisemny;podstawowy;język rosyjski;ogółem;2022;67,7
formuła 2015;pisemny;podstawowy;język hiszpański;ogółem;2022;76,7
formuła 2015;pisemny;podstawowy;język włoski;ogółem;2022;76,7
formuła 2015;pisemny;rozszerzony;język polski;kobiety;2022;55,3
formuła 2015;pisemny;rozszerzony;język białoruski;kobiety;2022;99,4
formuła 2015;pisemny;rozszerzony;język litewski;kobiety;2022;80,0
formuła 2015;pisemny;rozszerzony;język ukraiński;kobiety;2022;73,8
formuła 2015;pisemny;rozszerzony;matematyka;kobiety;2022;36,9
formuła 2015;pisemny;rozszerzony;język angielski;kobiety;2022;63,3
formuła 2015;pisemny;rozszerzony;język niemiecki;kobiety;2022;52,3
formuła 2015;pisemny;rozszerzony;język francuski;kobiety;2022;60,9
formuła 2015;pisemny;rozszerzony;język rosyjski;kobiety;2022;78,6
formuła 2015;pisemny;rozszerzony;język hiszpański;kobiety;2022;53,8
formuła 2015;pisemny;rozszerzony;język włoski;kobiety;2022;67,3
formuła 2015;pisemny;rozszerzony;wiedza o społeczeństwie;kobiety;2022;28,3
formuła 2015;pisemny;rozszerzony;geografia;kobiety;2022;39,7
formuła 2015;pisemny;rozszerzony;biologia;kobiety;2022;43,2
formuła 2015;pisemny;rozszerzony;chemia;kobiety;2022;34,9
formuła 2015;pisemny;rozszerzony;historia;kobiety;2022;35,5
formuła 2015;pisemny;rozszerzony;fizyka;kobiety;2022;37,7
formuła 2015;pisemny;rozszerzony;historia muzyki;kobiety;2022;40,9
formuła 2015;pisemny;rozszerzony;historia sztuki;kobiety;2022;39,9
formuła 2015;pisemny;rozszerzony;filozofia;kobiety;2022;39,0
formuła 2015;pisemny;rozszerzony;język łaciński i kultura antyczna;kobiety;2022;48,6
formuła 2015;pisemny;rozszerzony;informatyka;kobiety;2022;42,8
formuła 2015;pisemny;rozszerzony;język kaszubski;kobiety;2022;61,8
formuła 2015;pisemny;rozszerzony;język polski;mężczyźni;2022;51,9
formuła 2015;pisemny;rozszerzony;język białoruski;mężczyźni;2022;100,0
formuła 2015;pisemny;rozszerzony;język litewski;mężczyźni;2022;85,1
formuła 2015;pisemny;rozszerzony;język ukraiński;mężczyźni;2022;64,8
formuła 2015;pisemny;rozszerzony;matematyka;mężczyźni;2022;30,9
formuła 2015;pisemny;rozszerzony;język angielski;mężczyźni;2022;62,4
formuła 2015;pisemny;rozszerzony;język niemiecki;mężczyźni;2022;52,2
formuła 2015;pisemny;rozszerzony;język francuski;mężczyźni;2022;61,0
formuła 2015;pisemny;rozszerzony;język rosyjski;mężczyźni;2022;79,7
formuła 2015;pisemny;rozszerzony;język hiszpański;mężczyźni;2022;47,1
formuła 2015;pisemny;rozszerzony;język włoski;mężczyźni;2022;69,6
formuła 2015;pisemny;rozszerzony;wiedza o społeczeństwie;mężczyźni;2022;33,5
formuła 2015;pisemny;rozszerzony;geografia;mężczyźni;2022;41,2
formuła 2015;pisemny;rozszerzony;biologia;mężczyźni;2022;44,1
formuła 2015;pisemny;rozszerzony;chemia;mężczyźni;2022;42,4
formuła 2015;pisemny;rozszerzony;historia;mężczyźni;2022;40,4
formuła 2015;pisemny;rozszerzony;fizyka;mężczyźni;2022;36,3
formuła 2015;pisemny;rozszerzony;historia muzyki;mężczyźni;2022;32,6
formuła 2015;pisemny;rozszerzony;historia sztuki;mężczyźni;2022;34,1
formuła 2015;pisemny;rozszerzony;filozofia;mężczyźni;2022;38,6
formuła 2015;pisemny;rozszerzony;język łaciński i kultura antyczna;mężczyźni;2022;46,0
formuła 2015;pisemny;rozszerzony;informatyka;mężczyźni;2022;39,9
formuła 2015;pisemny;rozszerzony;język kaszubski;mężczyźni;2022;57,1
formuła 2015;pisemny;rozszerzony;język polski;ogółem;2022;54,5
formuła 2015;pisemny;rozszerzony;język białoruski;ogółem;2022;99,7
formuła 2015;pisemny;rozszerzony;język litewski;ogółem;2022;81,8
formuła 2015;pisemny;rozszerzony;język ukraiński;ogółem;2022;70,8
formuła 2015;pisemny;rozszerzony;matematyka;ogółem;2022;33,2
formuła 2015;pisemny;rozszerzony;język angielski;ogółem;2022;62,8
formuła 2015;pisemny;rozszerzony;język niemiecki;ogółem;2022;52,3
formuła 2015;pisemny;rozszerzony;język francuski;ogółem;2022;60,9
formuła 2015;pisemny;rozszerzony;język rosyjski;ogółem;2022;79,0
formuła 2015;pisemny;rozszerzony;język hiszpański;ogółem;2022;52,2
formuła 2015;pisemny;rozszerzony;język włoski;ogółem;2022;67,9
formuła 2015;pisemny;rozszerzony;wiedza o społeczeństwie;ogółem;2022;30,4
formuła 2015;pisemny;rozszerzony;geografia;ogółem;2022;40,4
formuła 2015;pisemny;rozszerzony;biologia;ogółem;2022;43,4
formuła 2015;pisemny;rozszerzony;chemia;ogółem;2022;36,8
formuła 2015;pisemny;rozszerzony;historia;ogółem;2022;38,0
formuła 2015;pisemny;rozszerzony;fizyka;ogółem;2022;36,7
formuła 2015;pisemny;rozszerzony;historia muzyki;ogółem;2022;37,9
formuła 2015;pisemny;rozszerzony;historia sztuki;ogółem;2022;38,9
formuła 2015;pisemny;rozszerzony;filozofia;ogółem;2022;38,8
formuła 2015;pisemny;rozszerzony;język łaciński i kultura antyczna;ogółem;2022;47,7
formuła 2015;pisemny;rozszerzony;informatyka;ogółem;2022;40,1
formuła 2015;pisemny;rozszerzony;język kaszubski;ogółem;2022;60,7
formuła 2015;pisemny;podstawowy;język polski;kobiety;2023;59,3
formuła 2015;pisemny;podstawowy;język białoruski;kobiety;2023;44,0
formuła 2015;pisemny;podstawowy;matematyka;kobiety;2023;46,7
formuła 2015;pisemny;podstawowy;język angielski;kobiety;2023;67,5
formuła 2015;pisemny;podstawowy;język niemiecki;kobiety;2023;49,7
formuła 2015;pisemny;podstawowy;język francuski;kobiety;2023;70,3
formuła 2015;pisemny;podstawowy;język rosyjski;kobiety;2023;68,4
formuła 2015;pisemny;podstawowy;język hiszpański;kobiety;2023;63,3
formuła 2015;pisemny;podstawowy;język włoski;kobiety;2023;87,5
formuła 2015;pisemny;podstawowy;język polski;mężczyźni;2023;55,4
formuła 2015;pisemny;podstawowy;matematyka;mężczyźni;2023;53,3
formuła 2015;pisemny;podstawowy;język angielski;mężczyźni;2023;76,5
formuła 2015;pisemny;podstawowy;język niemiecki;mężczyźni;2023;52,4
formuła 2015;pisemny;podstawowy;język francuski;mężczyźni;2023;80,8
formuła 2015;pisemny;podstawowy;język rosyjski;mężczyźni;2023;69,2
formuła 2015;pisemny;podstawowy;język hiszpański;mężczyźni;2023;74,7
formuła 2015;pisemny;podstawowy;język włoski;mężczyźni;2023;91,5
formuła 2015;pisemny;podstawowy;język polski;ogółem;2023;57,0
formuła 2015;pisemny;podstawowy;język białoruski;ogółem;2023;44,0
formuła 2015;pisemny;podstawowy;matematyka;ogółem;2023;50,6
formuła 2015;pisemny;podstawowy;język angielski;ogółem;2023;72,9
formuła 2015;pisemny;podstawowy;język niemiecki;ogółem;2023;50,8
formuła 2015;pisemny;podstawowy;język francuski;ogółem;2023;74,7
formuła 2015;pisemny;podstawowy;język rosyjski;ogółem;2023;68,8
formuła 2015;pisemny;podstawowy;język hiszpański;ogółem;2023;66,1
formuła 2015;pisemny;podstawowy;język włoski;ogółem;2023;89,0
formuła 2015;pisemny;rozszerzony;język polski;kobiety;2023;50,3
formuła 2015;pisemny;rozszerzony;język litewski;kobiety;2023;100,0
formuła 2015;pisemny;rozszerzony;język ukraiński;kobiety;2023;80,7
formuła 2015;pisemny;rozszerzony;matematyka;kobiety;2023;14,2
formuła 2015;pisemny;rozszerzony;język angielski;kobiety;2023;52,9
formuła 2015;pisemny;rozszerzony;język niemiecki;kobiety;2023;40,6
formuła 2015;pisemny;rozszerzony;język francuski;kobiety;2023;36,8
formuła 2015;pisemny;rozszerzony;język rosyjski;kobiety;2023;72,6
formuła 2015;pisemny;rozszerzony;język hiszpański;kobiety;2023;40,1
formuła 2015;pisemny;rozszerzony;język włoski;kobiety;2023;62,1
formuła 2015;pisemny;rozszerzony;wiedza o społeczeństwie;kobiety;2023;18,8
formuła 2015;pisemny;rozszerzony;geografia;kobiety;2023;35,4
formuła 2015;pisemny;rozszerzony;biologia;kobiety;2023;25,9
formuła 2015;pisemny;rozszerzony;chemia;kobiety;2023;13,2
formuła 2015;pisemny;rozszerzony;historia;kobiety;2023;21,5
formuła 2015;pisemny;rozszerzony;fizyka;kobiety;2023;11,2
formuła 2015;pisemny;rozszerzony;historia muzyki;kobiety;2023;23,9
formuła 2015;pisemny;rozszerzony;historia sztuki;kobiety;2023;41,3
formuła 2015;pisemny;rozszerzony;filozofia;kobiety;2023;21,0
formuła 2015;pisemny;rozszerzony;język łaciński i kultura antyczna;kobiety;2023;13,1
formuła 2015;pisemny;rozszerzony;informatyka;kobiety;2023;27,0
formuła 2015;pisemny;rozszerzony;język kaszubski;kobiety;2023;35,0
formuła 2015;pisemny;rozszerzony;język polski;mężczyźni;2023;44,3
formuła 2015;pisemny;rozszerzony;język litewski;mężczyźni;2023;85,0
formuła 2015;pisemny;rozszerzony;język ukraiński;mężczyźni;2023;58,0
formuła 2015;pisemny;rozszerzony;matematyka;mężczyźni;2023;18,4
formuła 2015;pisemny;rozszerzony;język angielski;mężczyźni;2023;58,5
formuła 2015;pisemny;rozszerzony;język niemiecki;mężczyźni;2023;47,5
formuła 2015;pisemny;rozszerzony;język francuski;mężczyźni;2023;49,3
formuła 2015;pisemny;rozszerzony;język rosyjski;mężczyźni;2023;72,9
formuła 2015;pisemny;rozszerzony;język hiszpański;mężczyźni;2023;39,5
formuła 2015;pisemny;rozszerzony;język włoski;mężczyźni;2023;70,2
formuła 2015;pisemny;rozszerzony;wiedza o społeczeństwie;mężczyźni;2023;25,8
formuła 2015;pisemny;rozszerzony;geografia;mężczyźni;2023;37,8
formuła 2015;pisemny;rozszerzony;biologia;mężczyźni;2023;26,4
formuła 2015;pisemny;rozszerzony;chemia;mężczyźni;2023;15,6
formuła 2015;pisemny;rozszerzony;historia;mężczyźni;2023;28,9
formuła 2015;pisemny;rozszerzony;fizyka;mężczyźni;2023;16,2
formuła 2015;pisemny;rozszerzony;historia muzyki;mężczyźni;2023;25,8
formuła 2015;pisemny;rozszerzony;historia sztuki;mężczyźni;2023;30,6
formuła 2015;pisemny;rozszerzony;filozofia;mężczyźni;2023;22,3
formuła 2015;pisemny;rozszerzony;język łaciński i kultura antyczna;mężczyźni;2023;19,9
formuła 2015;pisemny;rozszerzony;informatyka;mężczyźni;2023;30,5
formuła 2015;pisemny;rozszerzony;język kaszubski;mężczyźni;2023;8,0
formuła 2015;pisemny;rozszerzony;język polski;ogółem;2023;48,5
formuła 2015;pisemny;rozszerzony;język litewski;ogółem;2023;92,5
formuła 2015;pisemny;rozszerzony;język ukraiński;ogółem;2023;69,3
formuła 2015;pisemny;rozszerzony;matematyka;ogółem;2023;17,4
formuła 2015;pisemny;rozszerzony;język angielski;ogółem;2023;56,5
formuła 2015;pisemny;rozszerzony;język niemiecki;ogółem;2023;43,8
formuła 2015;pisemny;rozszerzony;język francuski;ogółem;2023;42,2
formuła 2015;pisemny;rozszerzony;język rosyjski;ogółem;2023;72,7
formuła 2015;pisemny;rozszerzony;język hiszpański;ogółem;2023;39,9
formuła 2015;pisemny;rozszerzony;język włoski;ogółem;2023;66,1
formuła 2015;pisemny;rozszerzony;wiedza o społeczeństwie;ogółem;2023;22,1
formuła 2015;pisemny;rozszerzony;geografia;ogółem;2023;36,6
formuła 2015;pisemny;rozszerzony;biologia;ogółem;2023;26,0
formuła 2015;pisemny;rozszerzony;chemia;ogółem;2023;14,0
formuła 2015;pisemny;rozszerzony;historia;ogółem;2023;27,2
formuła 2015;pisemny;rozszerzony;fizyka;ogółem;2023;15,8
formuła 2015;pisemny;rozszerzony;historia muzyki;ogółem;2023;25,2
formuła 2015;pisemny;rozszerzony;historia sztuki;ogółem;2023;39,4
formuła 2015;pisemny;rozszerzony;filozofia;ogółem;2023;21,8
formuła 2015;pisemny;rozszerzony;język łaciński i kultura antyczna;ogółem;2023;17,2
formuła 2015;pisemny;rozszerzony;informatyka;ogółem;2023;30,3
formuła 2015;pisemny;rozszerzony;język kaszubski;ogółem;2023;21,5
formuła 2015;ustny;nie dotyczy;język polski;kobiety;2023;61,1
formuła 2015;ustny;nie dotyczy;język białoruski;kobiety;2023;49,0
formuła 2015;ustny;nie dotyczy;język angielski;kobiety;2023;61,2
formuła 2015;ustny;nie dotyczy;język niemiecki;kobiety;2023;50,8
formuła 2015;ustny;nie dotyczy;język francuski;kobiety;2023;63,3
formuła 2015;ustny;nie dotyczy;język rosyjski;kobiety;2023;68,0
formuła 2015;ustny;nie dotyczy;język hiszpański;kobiety;2023;61,8
formuła 2015;ustny;nie dotyczy;język włoski;kobiety;2023;86,0
formuła 2015;ustny;nie dotyczy;język polski;mężczyźni;2023;59,2
formuła 2015;ustny;nie dotyczy;język angielski;mężczyźni;2023;70,3
formuła 2015;ustny;nie dotyczy;język niemiecki;mężczyźni;2023;56,9
formuła 2015;ustny;nie dotyczy;język francuski;mężczyźni;2023;98,3
formuła 2015;ustny;nie dotyczy;język rosyjski;mężczyźni;2023;71,8
formuła 2015;ustny;nie dotyczy;język hiszpański;mężczyźni;2023;80,0
formuła 2015;ustny;nie dotyczy;język włoski;mężczyźni;2023;86,8
formuła 2015;ustny;nie dotyczy;język polski;ogółem;2023;59,9
formuła 2015;ustny;nie dotyczy;język białoruski;ogółem;2023;49,0
formuła 2015;ustny;nie dotyczy;język angielski;ogółem;2023;66,7
formuła 2015;ustny;nie dotyczy;język niemiecki;ogółem;2023;53,1
formuła 2015;ustny;nie dotyczy;język francuski;ogółem;2023;76,0
formuła 2015;ustny;nie dotyczy;język rosyjski;ogółem;2023;69,6
formuła 2015;ustny;nie dotyczy;język hiszpański;ogółem;2023;66,0
formuła 2015;ustny;nie dotyczy;język włoski;ogółem;2023;86,3
formuła 2023;pisemny;podstawowy;język polski;kobiety;2023;67,2
formuła 2023;pisemny;podstawowy;język białoruski;kobiety;2023;78,8
formuła 2023;pisemny;podstawowy;język litewski;kobiety;2023;77,5
formuła 2023;pisemny;podstawowy;język ukraiński;kobiety;2023;74,9
formuła 2023;pisemny;podstawowy;matematyka;kobiety;2023;69,8
formuła 2023;pisemny;podstawowy;język angielski;kobiety;2023;83,6
formuła 2023;pisemny;podstawowy;język niemiecki;kobiety;2023;66,4
formuła 2023;pisemny;podstawowy;język francuski;kobiety;2023;78,8
formuła 2023;pisemny;podstawowy;język rosyjski;kobiety;2023;77,2
formuła 2023;pisemny;podstawowy;język hiszpański;kobiety;2023;76,3
formuła 2023;pisemny;podstawowy;język włoski;kobiety;2023;77,9
formuła 2023;pisemny;podstawowy;język polski;mężczyźni;2023;62,9
formuła 2023;pisemny;podstawowy;język białoruski;mężczyźni;2023;68,9
formuła 2023;pisemny;podstawowy;język litewski;mężczyźni;2023;69,3
formuła 2023;pisemny;podstawowy;język ukraiński;mężczyźni;2023;71,7
formuła 2023;pisemny;podstawowy;matematyka;mężczyźni;2023;73,0
formuła 2023;pisemny;podstawowy;język angielski;mężczyźni;2023;86,2
formuła 2023;pisemny;podstawowy;język niemiecki;mężczyźni;2023;74,5
formuła 2023;pisemny;podstawowy;język francuski;mężczyźni;2023;80,7
formuła 2023;pisemny;podstawowy;język rosyjski;mężczyźni;2023;81,2
formuła 2023;pisemny;podstawowy;język hiszpański;mężczyźni;2023;76,6
formuła 2023;pisemny;podstawowy;język włoski;mężczyźni;2023;81,4
formuła 2023;pisemny;podstawowy;język polski;ogółem;2023;65,6
formuła 2023;pisemny;podstawowy;język białoruski;ogółem;2023;75,1
formuła 2023;pisemny;podstawowy;język litewski;ogółem;2023;73,4
formuła 2023;pisemny;podstawowy;język ukraiński;ogółem;2023;73,6
formuła 2023;pisemny;podstawowy;matematyka;ogółem;2023;71,0
formuła 2023;pisemny;podstawowy;język angielski;ogółem;2023;84,6
formuła 2023;pisemny;podstawowy;język niemiecki;ogółem;2023;69,0
formuła 2023;pisemny;podstawowy;język francuski;ogółem;2023;79,3
formuła 2023;pisemny;podstawowy;język rosyjski;ogółem;2023;78,4
formuła 2023;pisemny;podstawowy;język hiszpański;ogółem;2023;76,4
formuła 2023;pisemny;podstawowy;język włoski;ogółem;2023;78,7
formuła 2023;pisemny;rozszerzony;język polski;kobiety;2023;50,0
formuła 2023;pisemny;rozszerzony;język białoruski;kobiety;2023;100,0
formuła 2023;pisemny;rozszerzony;język litewski;kobiety;2023;73,7
formuła 2023;pisemny;rozszerzony;język ukraiński;kobiety;2023;72,0
formuła 2023;pisemny;rozszerzony;matematyka;kobiety;2023;48,3
formuła 2023;pisemny;rozszerzony;język angielski;kobiety;2023;67,5
formuła 2023;pisemny;rozszerzony;język niemiecki;kobiety;2023;57,6
formuła 2023;pisemny;rozszerzony;język francuski;kobiety;2023;56,6
formuła 2023;pisemny;rozszerzony;język rosyjski;kobiety;2023;70,9
formuła 2023;pisemny;rozszerzony;język hiszpański;kobiety;2023;54,4
formuła 2023;pisemny;rozszerzony;język włoski;kobiety;2023;67,1
formuła 2023;pisemny;rozszerzony;wiedza o społeczeństwie;kobiety;2023;38,7
formuła 2023;pisemny;rozszerzony;geografia;kobiety;2023;52,0
formuła 2023;pisemny;rozszerzony;biologia;kobiety;2023;47,1
formuła 2023;pisemny;rozszerzony;chemia;kobiety;2023;44,6
formuła 2023;pisemny;rozszerzony;historia;kobiety;2023;39,8
formuła 2023;pisemny;rozszerzony;fizyka;kobiety;2023;38,6
formuła 2023;pisemny;rozszerzony;historia muzyki;kobiety;2023;52,6
formuła 2023;pisemny;rozszerzony;historia sztuki;kobiety;2023;46,5
formuła 2023;pisemny;rozszerzony;filozofia;kobiety;2023;43,8
formuła 2023;pisemny;rozszerzony;język łaciński i kultura antyczna;kobiety;2023;56,0
formuła 2023;pisemny;rozszerzony;informatyka;kobiety;2023;42,0
formuła 2023;pisemny;rozszerzony;język kaszubski;kobiety;2023;56,7
formuła 2023;pisemny;rozszerzony;język łemkowski;kobiety;2023;100,0
formuła 2023;pisemny;rozszerzony;język polski;mężczyźni;2023;47,9
formuła 2023;pisemny;rozszerzony;język białoruski;mężczyźni;2023;96,7
formuła 2023;pisemny;rozszerzony;język litewski;mężczyźni;2023;80,0
formuła 2023;pisemny;rozszerzony;język ukraiński;mężczyźni;2023;76,3
formuła 2023;pisemny;rozszerzony;matematyka;mężczyźni;2023;52,3
formuła 2023;pisemny;rozszerzony;język angielski;mężczyźni;2023;71,2
formuła 2023;pisemny;rozszerzony;język niemiecki;mężczyźni;2023;60,2
formuła 2023;pisemny;rozszerzony;język francuski;mężczyźni;2023;62,6
formuła 2023;pisemny;rozszerzony;język rosyjski;mężczyźni;2023;74,3
formuła 2023;pisemny;rozszerzony;język hiszpański;mężczyźni;2023;49,8
formuła 2023;pisemny;rozszerzony;język włoski;mężczyźni;2023;70,2
formuła 2023;pisemny;rozszerzony;wiedza o społeczeństwie;mężczyźni;2023;47,6
formuła 2023;pisemny;rozszerzony;geografia;mężczyźni;2023;54,2
formuła 2023;pisemny;rozszerzony;biologia;mężczyźni;2023;50,8
formuła 2023;pisemny;rozszerzony;chemia;mężczyźni;2023;52,2
formuła 2023;pisemny;rozszerzony;historia;mężczyźni;2023;50,8
formuła 2023;pisemny;rozszerzony;fizyka;mężczyźni;2023;45,3
formuła 2023;pisemny;rozszerzony;historia muzyki;mężczyźni;2023;53,0
formuła 2023;pisemny;rozszerzony;historia sztuki;mężczyźni;2023;44,9
formuła 2023;pisemny;rozszerzony;filozofia;mężczyźni;2023;49,3
formuła 2023;pisemny;rozszerzony;język łaciński i kultura antyczna;mężczyźni;2023;70,9
formuła 2023;pisemny;rozszerzony;informatyka;mężczyźni;2023;45,1
formuła 2023;pisemny;rozszerzony;język kaszubski;mężczyźni;2023;48,0
formuła 2023;pisemny;rozszerzony;język łemkowski;mężczyźni;2023;100,0
formuła 2023;pisemny;rozszerzony;język polski;ogółem;2023;49,7
formuła 2023;pisemny;rozszerzony;język białoruski;ogółem;2023;99,3
formuła 2023;pisemny;rozszerzony;język litewski;ogółem;2023;75,8
formuła 2023;pisemny;rozszerzony;język ukraiński;ogółem;2023;73,2
formuła 2023;pisemny;rozszerzony;matematyka;ogółem;2023;50,2
formuła 2023;pisemny;rozszerzony;język angielski;ogółem;2023;68,9
formuła 2023;pisemny;rozszerzony;język niemiecki;ogółem;2023;58,3
formuła 2023;pisemny;rozszerzony;język francuski;ogółem;2023;58,0
formuła 2023;pisemny;rozszerzony;język rosyjski;ogółem;2023;72,0
formuła 2023;pisemny;rozszerzony;język hiszpański;ogółem;2023;53,4
formuła 2023;pisemny;rozszerzony;język włoski;ogółem;2023;67,8
formuła 2023;pisemny;rozszerzony;wiedza o społeczeństwie;ogółem;2023;41,8
formuła 2023;pisemny;rozszerzony;geografia;ogółem;2023;52,9
formuła 2023;pisemny;rozszerzony;biologia;ogółem;2023;48,0
formuła 2023;pisemny;rozszerzony;chemia;ogółem;2023;46,5
formuła 2023;pisemny;rozszerzony;historia;ogółem;2023;45,1
formuła 2023;pisemny;rozszerzony;fizyka;ogółem;2023;43,2
formuła 2023;pisemny;rozszerzony;historia muzyki;ogółem;2023;52,8
formuła 2023;pisemny;rozszerzony;historia sztuki;ogółem;2023;46,3
formuła 2023;pisemny;rozszerzony;filozofia;ogółem;2023;45,7
formuła 2023;pisemny;rozszerzony;język łaciński i kultura antyczna;ogółem;2023;60,5
formuła 2023;pisemny;rozszerzony;informatyka;ogółem;2023;44,6
formuła 2023;pisemny;rozszerzony;język kaszubski;ogółem;2023;53,6
formuła 2023;pisemny;rozszerzony;język łemkowski;ogółem;2023;100,0
formuła 2023;ustny;nie dotyczy;język polski;kobiety;2023;74,1
formuła 2023;ustny;nie dotyczy;język białoruski;kobiety;2023;88,0
formuła 2023;ustny;nie dotyczy;język litewski;kobiety;2023;80,0
formuła 2023;ustny;nie dotyczy;język ukraiński;kobiety;2023;80,5
formuła 2023;ustny;nie dotyczy;język angielski;kobiety;2023;80,8
formuła 2023;ustny;nie dotyczy;język niemiecki;kobiety;2023;71,9
formuła 2023;ustny;nie dotyczy;język francuski;kobiety;2023;81,9
formuła 2023;ustny;nie dotyczy;język rosyjski;kobiety;2023;77,3
formuła 2023;ustny;nie dotyczy;język hiszpański;kobiety;2023;76,7
formuła 2023;ustny;nie dotyczy;język włoski;kobiety;2023;78,1
formuła 2023;ustny;nie dotyczy;język polski;mężczyźni;2023;70,5
formuła 2023;ustny;nie dotyczy;język białoruski;mężczyźni;2023;84,0
formuła 2023;ustny;nie dotyczy;język litewski;mężczyźni;2023;59,5
formuła 2023;ustny;nie dotyczy;język ukraiński;mężczyźni;2023;85,1
formuła 2023;ustny;nie dotyczy;język angielski;mężczyźni;2023;83,8
formuła 2023;ustny;nie dotyczy;język niemiecki;mężczyźni;2023;77,5
formuła 2023;ustny;nie dotyczy;język francuski;mężczyźni;2023;87,6
formuła 2023;ustny;nie dotyczy;język rosyjski;mężczyźni;2023;83,4
formuła 2023;ustny;nie dotyczy;język hiszpański;mężczyźni;2023;77,0
formuła 2023;ustny;nie dotyczy;język włoski;mężczyźni;2023;90,1
formuła 2023;ustny;nie dotyczy;język polski;ogółem;2023;72,8
formuła 2023;ustny;nie dotyczy;język białoruski;ogółem;2023;86,5
formuła 2023;ustny;nie dotyczy;język litewski;ogółem;2023;69,7
formuła 2023;ustny;nie dotyczy;język ukraiński;ogółem;2023;82,5
formuła 2023;ustny;nie dotyczy;język angielski;ogółem;2023;81,9
formuła 2023;ustny;nie dotyczy;język niemiecki;ogółem;2023;73,7
formuła 2023;ustny;nie dotyczy;język francuski;ogółem;2023;83,6
formuła 2023;ustny;nie dotyczy;język rosyjski;ogółem;2023;79,1
formuła 2023;ustny;nie dotyczy;język hiszpański;ogółem;2023;76,8
formuła 2023;ustny;nie dotyczy;język włoski;ogółem;2023;80,9
formuła 2023;pisemny;podstawowy;język polski;kobiety;2024;63,9
formuła 2023;pisemny;podstawowy;język białoruski;kobiety;2024;75,2
formuła 2023;pisemny;podstawowy;język litewski;kobiety;2024;72,2
formuła 2023;pisemny;podstawowy;język ukraiński;kobiety;2024;75,2
formuła 2023;pisemny;podstawowy;matematyka;kobiety;2024;62,6
formuła 2023;pisemny;podstawowy;język angielski;kobiety;2024;77,1
formuła 2023;pisemny;podstawowy;język niemiecki;kobiety;2024;55,2
formuła 2023;pisemny;podstawowy;język francuski;kobiety;2024;79,8
formuła 2023;pisemny;podstawowy;język rosyjski;kobiety;2024;66,6
formuła 2023;pisemny;podstawowy;język hiszpański;kobiety;2024;76,8
formuła 2023;pisemny;podstawowy;język włoski;kobiety;2024;70,5
formuła 2023;pisemny;podstawowy;język polski;mężczyźni;2024;57,9
formuła 2023;pisemny;podstawowy;język białoruski;mężczyźni;2024;74,0
formuła 2023;pisemny;podstawowy;język litewski;mężczyźni;2024;63,7
formuła 2023;pisemny;podstawowy;język ukraiński;mężczyźni;2024;72,5
formuła 2023;pisemny;podstawowy;matematyka;mężczyźni;2024;63,6
formuła 2023;pisemny;podstawowy;język angielski;mężczyźni;2024;79,6
formuła 2023;pisemny;podstawowy;język niemiecki;mężczyźni;2024;56,6
formuła 2023;pisemny;podstawowy;język francuski;mężczyźni;2024;81,8
formuła 2023;pisemny;podstawowy;język rosyjski;mężczyźni;2024;67,5
formuła 2023;pisemny;podstawowy;język hiszpański;mężczyźni;2024;78,3
formuła 2023;pisemny;podstawowy;język włoski;mężczyźni;2024;86,4
formuła 2023;pisemny;podstawowy;język polski;ogółem;2024;61,1
formuła 2023;pisemny;podstawowy;język białoruski;ogółem;2024;74,9
formuła 2023;pisemny;podstawowy;język litewski;ogółem;2024;68,4
formuła 2023;pisemny;podstawowy;język ukraiński;ogółem;2024;74,0
formuła 2023;pisemny;podstawowy;matematyka;ogółem;2024;63,1
formuła 2023;pisemny;podstawowy;język angielski;ogółem;2024;78,3
formuła 2023;pisemny;podstawowy;język niemiecki;ogółem;2024;55,7
formuła 2023;pisemny;podstawowy;język francuski;ogółem;2024;80,4
formuła 2023;pisemny;podstawowy;język rosyjski;ogółem;2024;66,9
formuła 2023;pisemny;podstawowy;język hiszpański;ogółem;2024;77,3
formuła 2023;pisemny;podstawowy;język włoski;ogółem;2024;74,1
formuła 2023;pisemny;rozszerzony;język polski;kobiety;2024;42,9
formuła 2023;pisemny;rozszerzony;język białoruski;kobiety;2024;98,3
formuła 2023;pisemny;rozszerzony;język litewski;kobiety;2024;76,5
formuła 2023;pisemny;rozszerzony;język ukraiński;kobiety;2024;64,8
formuła 2023;pisemny;rozszerzony;matematyka;kobiety;2024;34,6
formuła 2023;pisemny;rozszerzony;język angielski;kobiety;2024;61,9
formuła 2023;pisemny;rozszerzony;język niemiecki;kobiety;2024;56,1
formuła 2023;pisemny;rozszerzony;język francuski;kobiety;2024;56,6
formuła 2023;pisemny;rozszerzony;język rosyjski;kobiety;2024;76,9
formuła 2023;pisemny;rozszerzony;język hiszpański;kobiety;2024;48,9
formuła 2023;pisemny;rozszerzony;język włoski;kobiety;2024;63,0
formuła 2023;pisemny;rozszerzony;wiedza o społeczeństwie;kobiety;2024;32,8
formuła 2023;pisemny;rozszerzony;geografia;kobiety;2024;40,0
formuła 2023;pisemny;rozszerzony;biologia;kobiety;2024;39,4
formuła 2023;pisemny;rozszerzony;chemia;kobiety;2024;36,2
formuła 2023;pisemny;rozszerzony;historia;kobiety;2024;38,7
formuła 2023;pisemny;rozszerzony;fizyka;kobiety;2024;40,0
formuła 2023;pisemny;rozszerzony;historia muzyki;kobiety;2024;44,8
formuła 2023;pisemny;rozszerzony;historia sztuki;kobiety;2024;41,4
formuła 2023;pisemny;rozszerzony;filozofia;kobiety;2024;29,1
formuła 2023;pisemny;rozszerzony;język łaciński i kultura antyczna;kobiety;2024;49,0
formuła 2023;pisemny;rozszerzony;informatyka;kobiety;2024;37,8
formuła 2023;pisemny;rozszerzony;język kaszubski;kobiety;2024;31,3
formuła 2023;pisemny;rozszerzony;język łemkowski;kobiety;2024;100,0
formuła 2023;pisemny;rozszerzony;język polski;mężczyźni;2024;38,7
formuła 2023;pisemny;rozszerzony;język białoruski;mężczyźni;2024;99,7
formuła 2023;pisemny;rozszerzony;język litewski;mężczyźni;2024;61,8
formuła 2023;pisemny;rozszerzony;język ukraiński;mężczyźni;2024;63,7
formuła 2023;pisemny;rozszerzony;matematyka;mężczyźni;2024;32,3
formuła 2023;pisemny;rozszerzony;język angielski;mężczyźni;2024;62,8
formuła 2023;pisemny;rozszerzony;język niemiecki;mężczyźni;2024;58,1
formuła 2023;pisemny;rozszerzony;język francuski;mężczyźni;2024;54,7
formuła 2023;pisemny;rozszerzony;język rosyjski;mężczyźni;2024;79,0
formuła 2023;pisemny;rozszerzony;język hiszpański;mężczyźni;2024;47,0
formuła 2023;pisemny;rozszerzony;język włoski;mężczyźni;2024;60,4
formuła 2023;pisemny;rozszerzony;wiedza o społeczeństwie;mężczyźni;2024;37,9
formuła 2023;pisemny;rozszerzony;geografia;mężczyźni;2024;42,0
formuła 2023;pisemny;rozszerzony;biologia;mężczyźni;2024;41,7
formuła 2023;pisemny;rozszerzony;chemia;mężczyźni;2024;42,4
formuła 2023;pisemny;rozszerzony;historia;mężczyźni;2024;45,5
formuła 2023;pisemny;rozszerzony;fizyka;mężczyźni;2024;41,4
formuła 2023;pisemny;rozszerzony;historia muzyki;mężczyźni;2024;35,0
formuła 2023;pisemny;rozszerzony;historia sztuki;mężczyźni;2024;38,2
formuła 2023;pisemny;rozszerzony;filozofia;mężczyźni;2024;31,0
formuła 2023;pisemny;rozszerzony;język łaciński i kultura antyczna;mężczyźni;2024;43,3
formuła 2023;pisemny;rozszerzony;informatyka;mężczyźni;2024;36,0
formuła 2023;pisemny;rozszerzony;język kaszubski;mężczyźni;2024;15,4
formuła 2023;pisemny;rozszerzony;język łemkowski;mężczyźni;2024;100,0
formuła 2023;pisemny;rozszerzony;język polski;ogółem;2024;42,1
formuła 2023;pisemny;rozszerzony;język białoruski;ogółem;2024;98,7
formuła 2023;pisemny;rozszerzony;język litewski;ogółem;2024;70,2
formuła 2023;pisemny;rozszerzony;język ukraiński;ogółem;2024;64,6
formuła 2023;pisemny;rozszerzony;matematyka;ogółem;2024;33,2
formuła 2023;pisemny;rozszerzony;język angielski;ogółem;2024;62,3
formuła 2023;pisemny;rozszerzony;język niemiecki;ogółem;2024;56,8
formuła 2023;pisemny;rozszerzony;język francuski;ogółem;2024;56,0
formuła 2023;pisemny;rozszerzony;język rosyjski;ogółem;2024;77,6
formuła 2023;pisemny;rozszerzony;język hiszpański;ogółem;2024;48,4
formuła 2023;pisemny;rozszerzony;język włoski;ogółem;2024;62,3
formuła 2023;pisemny;rozszerzony;wiedza o społeczeństwie;ogółem;2024;34,8
formuła 2023;pisemny;rozszerzony;geografia;ogółem;2024;40,9
formuła 2023;pisemny;rozszerzony;biologia;ogółem;2024;39,9
formuła 2023;pisemny;rozszerzony;chemia;ogółem;2024;37,9
formuła 2023;pisemny;rozszerzony;historia;ogółem;2024;42,4
formuła 2023;pisemny;rozszerzony;fizyka;ogółem;2024;41,0
formuła 2023;pisemny;rozszerzony;historia muzyki;ogółem;2024;41,1
formuła 2023;pisemny;rozszerzony;historia sztuki;ogółem;2024;40,9
formuła 2023;pisemny;rozszerzony;filozofia;ogółem;2024;29,8
formuła 2023;pisemny;rozszerzony;język łaciński i kultura antyczna;ogółem;2024;47,1
formuła 2023;pisemny;rozszerzony;informatyka;ogółem;2024;36,2
formuła 2023;pisemny;rozszerzony;język kaszubski;ogółem;2024;24,1
formuła 2023;pisemny;rozszerzony;język łemkowski;ogółem;2024;100,0
formuła 2023;ustny;nie dotyczy;język polski;kobiety;2024;69,9
formuła 2023;ustny;nie dotyczy;język białoruski;kobiety;2024;85,0
formuła 2023;ustny;nie dotyczy;język litewski;kobiety;2024;75,7
formuła 2023;ustny;nie dotyczy;język ukraiński;kobiety;2024;89,3
formuła 2023;ustny;nie dotyczy;język angielski;kobiety;2024;75,3
formuła 2023;ustny;nie dotyczy;język niemiecki;kobiety;2024;65,8
formuła 2023;ustny;nie dotyczy;język francuski;kobiety;2024;80,9
formuła 2023;ustny;nie dotyczy;język rosyjski;kobiety;2024;77,7
formuła 2023;ustny;nie dotyczy;język hiszpański;kobiety;2024;79,9
formuła 2023;ustny;nie dotyczy;język włoski;kobiety;2024;76,9
formuła 2023;ustny;nie dotyczy;język polski;mężczyźni;2024;64,3
formuła 2023;ustny;nie dotyczy;język białoruski;mężczyźni;2024;86,8
formuła 2023;ustny;nie dotyczy;język litewski;mężczyźni;2024;72,6
formuła 2023;ustny;nie dotyczy;język ukraiński;mężczyźni;2024;89,4
formuła 2023;ustny;nie dotyczy;język angielski;mężczyźni;2024;78,0
formuła 2023;ustny;nie dotyczy;język niemiecki;mężczyźni;2024;67,3
formuła 2023;ustny;nie dotyczy;język francuski;mężczyźni;2024;88,3
formuła 2023;ustny;nie dotyczy;język rosyjski;mężczyźni;2024;77,9
formuła 2023;ustny;nie dotyczy;język hiszpański;mężczyźni;2024;83,4
formuła 2023;ustny;nie dotyczy;język włoski;mężczyźni;2024;92,0
formuła 2023;ustny;nie dotyczy;język polski;ogółem;2024;67,3
formuła 2023;ustny;nie dotyczy;język białoruski;ogółem;2024;85,5
formuła 2023;ustny;nie dotyczy;język litewski;ogółem;2024;74,3
formuła 2023;ustny;nie dotyczy;język ukraiński;ogółem;2024;89,3
formuła 2023;ustny;nie dotyczy;język angielski;ogółem;2024;76,5
formuła 2023;ustny;nie dotyczy;język niemiecki;ogółem;2024;66,3
formuła 2023;ustny;nie dotyczy;język francuski;ogółem;2024;83,1
formuła 2023;ustny;nie dotyczy;język rosyjski;ogółem;2024;77,8
formuła 2023;ustny;nie dotyczy;język hiszpański;ogółem;2024;81,1
formuła 2023;ustny;nie dotyczy;język włoski;ogółem;2024;81,1
